Id,Probability
1,0.080806647
2,0.040718741
3,0.011968341
4,0.067639933
5,0.108263859
6,0.027519732
7,0.04729395
8,0.041027039
9,0.00422303
10,0.37712881
11,0.012478593
12,0.022617611
13,0.008333931
14,0.043935965
15,0.047308764
16,0.024631906
17,0.027441388
18,0.013997746
19,0.222881693
20,0.091325029
21,0.012180794
22,0.009499758
23,0.011288653
24,0.514438462
25,0.085839337
26,0.017220625
27,0.085247596
28,0.008568926
29,0.055082258
30,0.032466807
31,0.047326418
32,0.008162568
33,0.013434981
34,0.055487671
35,0.331720175
36,0.050096943
37,0.032459991
38,0.022031783
39,0.010961839
40,0.073821936
41,0.287884333
42,0.245160209
43,0.076593354
44,0.006129752
45,0.045576883
46,0.004909608
47,0.006235339
48,0.020647961
49,0.01742812
50,0.02667599
51,0.017151702
52,0.024239212
53,0.008482681
54,0.044724311
55,0.017280897
56,0.074366364
57,0.009776008
58,0.178212766
59,0.080175127
60,0.061570061
61,0.030859558
62,0.011230419
63,0.029222439
64,0.008157194
65,0.019058966
66,0.01452435
67,0.012277612
68,0.151081983
69,0.005728414
70,0.653720377
71,0.019032413
72,0.121704726
73,0.007328554
74,0.174704384
75,0.015734037
76,0.043413121
77,0.084293499
78,0.028663334
79,0.041008401
80,0.018661901
81,0.01602504
82,0.019722179
83,0.045850402
84,0.011839708
85,0.018839962
86,0.012724313
87,0.075973855
88,0.013782852
89,0.028947297
90,0.029213575
91,0.077168578
92,0.013152974
93,0.012285798
94,0.015793473
95,0.006885334
96,0.241597348
97,0.025462508
98,0.070294751
99,0.014292691
100,0.019090285
101,0.05616512
102,0.072471986
103,0.007191891
104,0.058808121
105,0.086554757
106,0.022156116
107,0.335596417
108,0.017955356
109,0.00656427
110,0.020557379
111,0.037893824
112,0.025000037
113,0.023940023
114,0.44122483
115,0.096671598
116,0.011400188
117,0.004915471
118,0.081307156
119,0.013133488
120,0.00729177
121,0.007030134
122,0.050312876
123,0.012895201
124,0.545554466
125,0.012196881
126,0.031859291
127,0.010082404
128,0.015968269
129,0.010547365
130,0.042098549
131,0.03065558
132,0.072623318
133,0.015207698
134,0.102067698
135,0.162120186
136,0.008870409
137,0.180322786
138,0.035705584
139,0.008372807
140,0.014152684
141,0.00487674
142,0.0129789
143,0.007195812
144,0.019060106
145,0.31236373
146,0.012208984
147,0.007954929
148,0.113018534
149,0.006613179
150,0.038905925
151,0.004953994
152,0.016596703
153,0.007244769
154,0.011761333
155,0.013135498
156,0.015859099
157,0.062242319
158,0.006828061
159,0.115281739
160,0.019456605
161,0.004774996
162,0.013014198
163,0.013302352
164,0.05067716
165,0.01178543
166,0.018627577
167,0.603644444
168,0.028335898
169,0.182249257
170,0.010877284
171,0.005903954
172,0.014178757
173,0.016521613
174,0.04270116
175,0.01399481
176,0.33577098
177,0.015279325
178,0.091934202
179,0.00996045
180,0.009930648
181,0.053142063
182,0.008513427
183,0.031499273
184,0.016052208
185,0.109559206
186,0.010307879
187,0.010695251
188,0.029688926
189,0.085581359
190,0.024680316
191,0.021472605
192,0.035231771
193,0.018610097
194,0.059893893
195,0.019240018
196,0.035379639
197,0.010994793
198,0.014978023
199,0.009027653
200,0.006340587
201,0.05923435
202,0.032690544
203,0.322638404
204,0.051448445
205,0.056183645
206,0.005785579
207,0.023592812
208,0.005711902
209,0.065824825
210,0.006658763
211,0.114646139
212,0.018043047
213,0.014078294
214,0.012951583
215,0.020744523
216,0.066124929
217,0.010610732
218,0.088757132
219,0.018651782
220,0.00492112
221,0.013219807
222,0.015396718
223,0.01445175
224,0.012155979
225,0.008563725
226,0.072452991
227,0.011432132
228,0.063680277
229,0.074290148
230,0.360946339
231,0.329485955
232,0.011390368
233,0.010744189
234,0.016328064
235,0.006040839
236,0.230264954
237,0.110090581
238,0.006982921
239,0.025481194
240,0.013949129
241,0.039749013
242,0.012510505
243,0.004965336
244,0.026009782
245,0.064972925
246,0.015880071
247,0.034946796
248,0.008479275
249,0.033289755
250,0.253235361
251,0.04156246
252,0.293532137
253,0.006343065
254,0.115271597
255,0.012758934
256,0.011066135
257,0.033059163
258,0.187257851
259,0.052559231
260,0.098766087
261,0.012026124
262,0.014157887
263,0.008488141
264,0.050881784
265,0.061902216
266,0.011423465
267,0.056206063
268,0.03929097
269,0.250264915
270,0.005504501
271,0.024206718
272,0.059115541
273,0.008758994
274,0.012360332
275,0.008262482
276,0.014923023
277,0.019041141
278,0.006634439
279,0.083755649
280,0.022402862
281,0.559405514
282,0.060731695
283,0.057062296
284,0.011726681
285,0.012078154
286,0.010583196
287,0.015992301
288,0.02941612
289,0.051804347
290,0.073197194
291,0.379936556
292,0.012346853
293,0.022928971
294,0.009905709
295,0.005059849
296,0.021675073
297,0.010205165
298,0.021323672
299,0.005435615
300,0.005211346
301,0.076808552
302,0.005700983
303,0.013611788
304,0.028595408
305,0.433764529
306,0.028096412
307,0.011689817
308,0.34324583
309,0.221798578
310,0.018021049
311,0.479506716
312,0.024323761
313,0.319798545
314,0.049012752
315,0.040883188
316,0.069337937
317,0.273799023
318,0.005742148
319,0.01718744
320,0.075160665
321,0.110848661
322,0.014251214
323,0.010543782
324,0.00897121
325,0.092984793
326,0.009843914
327,0.013486765
328,0.011503532
329,0.030896799
330,0.007627516
331,0.013995298
332,0.012392735
333,0.014851905
334,0.042361306
335,0.035615628
336,0.045109712
337,0.01796101
338,0.310539815
339,0.050498404
340,0.016472188
341,0.004224893
342,0.016979973
343,0.016909946
344,0.048486474
345,0.03927387
346,0.020698259
347,0.389379418
348,0.12481446
349,0.016493083
350,0.013625027
351,0.074640802
352,0.048047405
353,0.004319469
354,0.091575442
355,0.019212319
356,0.009155312
357,0.612740601
358,0.006611103
359,0.044920698
360,0.20652532
361,0.022172958
362,0.013751739
363,0.005861538
364,0.016724367
365,0.219563792
366,0.065965422
367,0.020352545
368,0.06602359
369,0.011075966
370,0.388881851
371,0.012324337
372,0.095329847
373,0.008838656
374,0.009785843
375,0.018058363
376,0.00661347
377,0.018248336
378,0.007676817
379,0.013232352
380,0.016822803
381,0.009623152
382,0.022062158
383,0.054076479
384,0.146600096
385,0.011080816
386,0.00468144
387,0.004386629
388,0.023683005
389,0.028453875
390,0.014973275
391,0.003577232
392,0.008200699
393,0.014926859
394,0.092049976
395,0.013095976
396,0.004481174
397,0.08945007
398,0.111555083
399,0.006557982
400,0.02250329
401,0.009382511
402,0.007352375
403,0.018950676
404,0.00415558
405,0.680778947
406,0.680633333
407,0.019061014
408,0.079178671
409,0.024992036
410,0.016976428
411,0.018866599
412,0.029428893
413,0.082501619
414,0.017534345
415,0.007826967
416,0.203056244
417,0.098908841
418,0.036868277
419,0.007279122
420,0.023259024
421,0.007756842
422,0.007351207
423,0.025629882
424,0.009810914
425,0.00784969
426,0.008870024
427,0.064320958
428,0.014324136
429,0.116896155
430,0.011121642
431,0.25388728
432,0.008289717
433,0.014087965
434,0.013866421
435,0.053495365
436,0.03302013
437,0.050163142
438,0.063032771
439,0.008648135
440,0.031126916
441,0.016611596
442,0.033329987
443,0.044693792
444,0.009087966
445,0.035892794
446,0.235126424
447,0.007800067
448,0.066756601
449,0.036931877
450,0.007237769
451,0.037308284
452,0.01043779
453,0.085905204
454,0.020347693
455,0.060799522
456,0.021239053
457,0.049921159
458,0.01641764
459,0.059820852
460,0.012987972
461,0.014081786
462,0.06451401
463,0.012431065
464,0.068162857
465,0.033194785
466,0.011888631
467,0.00696646
468,0.019501726
469,0.007969729
470,0.189289703
471,0.007556238
472,0.009134695
473,0.341262496
474,0.033045558
475,0.024166661
476,0.011823841
477,0.008100752
478,0.014300206
479,0.048903975
480,0.01114883
481,0.049399972
482,0.012100506
483,0.041347715
484,0.067036392
485,0.005072973
486,0.229013041
487,0.051829586
488,0.055140227
489,0.233904283
490,0.056539529
491,0.007988671
492,0.022746881
493,0.431902053
494,0.019298534
495,0.262538835
496,0.024938655
497,0.011574687
498,0.012897327
499,0.051287138
500,0.012290941
501,0.017319148
502,0.018484654
503,0.033992864
504,0.0165806
505,0.006161059
506,0.23574318
507,0.057047661
508,0.005504118
509,0.004960118
510,0.009915043
511,0.01845736
512,0.225934302
513,0.051224135
514,0.024322082
515,0.019713294
516,0.309700559
517,0.006536952
518,0.013546538
519,0.005455398
520,0.020208903
521,0.014450384
522,0.006943526
523,0.079492255
524,0.067940517
525,0.062673136
526,0.490811098
527,0.0878397
528,0.008148176
529,0.247912367
530,0.017240184
531,0.009852217
532,0.006779326
533,0.014161233
534,0.011195052
535,0.013511041
536,0.00657007
537,0.020772298
538,0.061086477
539,0.016242191
540,0.009865491
541,0.017850648
542,0.01643469
543,0.125264806
544,0.106839712
545,0.020577658
546,0.008906887
547,0.101039068
548,0.007005185
549,0.004576931
550,0.168604783
551,0.234648167
552,0.182485511
553,0.018820965
554,0.007615148
555,0.148133204
556,0.012696214
557,0.021609494
558,0.018905883
559,0.084543441
560,0.073133581
561,0.00666826
562,0.01347304
563,0.078024522
564,0.048051781
565,0.076567502
566,0.01546101
567,0.006062473
568,0.018391436
569,0.447131404
570,0.047171019
571,0.112357042
572,0.014705613
573,0.010595364
574,0.066152619
575,0.071774779
576,0.0062099
577,0.05811368
578,0.009040889
579,0.125982358
580,0.007297398
581,0.012002517
582,0.013049069
583,0.00703751
584,0.017817026
585,0.02757188
586,0.007362034
587,0.016359044
588,0.051694279
589,0.017396542
590,0.011069552
591,0.137607419
592,0.018882362
593,0.017107253
594,0.015800057
595,0.182519986
596,0.050489024
597,0.016624687
598,0.025137483
599,0.025132581
600,0.007619108
601,0.009992007
602,0.037733631
603,0.0135964
604,0.01453582
605,0.08572155
606,0.011146486
607,0.092068204
608,0.030069625
609,0.369867232
610,0.01879872
611,0.035919368
612,0.005518686
613,0.010827271
614,0.022087104
615,0.019398699
616,0.005985158
617,0.092625318
618,0.011000346
619,0.015288691
620,0.018799018
621,0.0055719
622,0.027609988
623,0.018520823
624,0.034258798
625,0.07254736
626,0.48580529
627,0.120134984
628,0.011341669
629,0.011084159
630,0.129564179
631,0.008016281
632,0.025573801
633,0.006641066
634,0.027671684
635,0.121677096
636,0.005074083
637,0.007632053
638,0.017456529
639,0.103911968
640,0.005530427
641,0.008102176
642,0.31909503
643,0.125832494
644,0.514628511
645,0.07090896
646,0.273307518
647,0.022366291
648,0.107874881
649,0.006253625
650,0.014444091
651,0.357219921
652,0.011041178
653,0.040381054
654,0.451989078
655,0.011303386
656,0.021889515
657,0.00824985
658,0.007106631
659,0.091744769
660,0.145880413
661,0.027250639
662,0.217527514
663,0.103749276
664,0.097063261
665,0.467701289
666,0.003893275
667,0.014515359
668,0.090037451
669,0.358515031
670,0.033589884
671,0.010443262
672,0.08465613
673,0.049656808
674,0.005059159
675,0.374223209
676,0.138702808
677,0.026605129
678,0.026932656
679,0.035163192
680,0.189437911
681,0.029737125
682,0.018475973
683,0.043290286
684,0.01233404
685,0.10043056
686,0.004729369
687,0.006566808
688,0.011490122
689,0.093655297
690,0.019605102
691,0.045362642
692,0.322936127
693,0.017932314
694,0.039848771
695,0.031545911
696,0.015305889
697,0.007840435
698,0.042192777
699,0.254954702
700,0.013082278
701,0.005519153
702,0.235210133
703,0.120259405
704,0.37712881
705,0.014825274
706,0.009619976
707,0.026287003
708,0.010948244
709,0.022651895
710,0.007114755
711,0.031281747
712,0.13461291
713,0.012513551
714,0.010113513
715,0.012607637
716,0.427065599
717,0.010141371
718,0.032488088
719,0.025731712
720,0.008169941
721,0.00774341
722,0.013365732
723,0.045143107
724,0.011140042
725,0.22336578
726,0.02825837
727,0.015006858
728,0.032422788
729,0.083952366
730,0.512159768
731,0.028039599
732,0.027075871
733,0.009059878
734,0.01181482
735,0.091343409
736,0.042478448
737,0.060093925
738,0.128677644
739,0.018096552
740,0.00576654
741,0.018092687
742,0.017038021
743,0.045979938
744,0.030225256
745,0.012209976
746,0.040762956
747,0.009131813
748,0.032647249
749,0.023585997
750,0.058868214
751,0.153402766
752,0.005322549
753,0.013105802
754,0.005159567
755,0.040767295
756,0.013897707
757,0.044600675
758,0.011131823
759,0.013207455
760,0.013386807
761,0.009074853
762,0.046923496
763,0.121941351
764,0.006013463
765,0.022925932
766,0.062395524
767,0.005514131
768,0.066716207
769,0.011837842
770,0.140949815
771,0.008065144
772,0.130799696
773,0.103997935
774,0.011687715
775,0.053699677
776,0.011503557
777,0.086178025
778,0.01010651
779,0.011210914
780,0.382704263
781,0.111357765
782,0.019396019
783,0.014412931
784,0.087739976
785,0.014590971
786,0.12407086
787,0.033568507
788,0.02392899
789,0.106025294
790,0.127008404
791,0.020330909
792,0.311908158
793,0.157595324
794,0.016702764
795,0.257437681
796,0.004750108
797,0.092047319
798,0.011733589
799,0.333918833
800,0.016678345
801,0.020859781
802,0.012693312
803,0.047936454
804,0.012431182
805,0.278488174
806,0.031240754
807,0.007776598
808,0.129540117
809,0.033891928
810,0.043958873
811,0.058401245
812,0.041571917
813,0.024794382
814,0.013660511
815,0.143142164
816,0.050322132
817,0.007041222
818,0.023181981
819,0.009261347
820,0.057530793
821,0.016137259
822,0.181970592
823,0.009351578
824,0.021585268
825,0.011868039
826,0.023189476
827,0.035508097
828,0.025529418
829,0.011419117
830,0.023841628
831,0.151284314
832,0.018923537
833,0.162503277
834,0.010063822
835,0.041275944
836,0.026524288
837,0.101865128
838,0.017410869
839,0.109233024
840,0.337581246
841,0.131738401
842,0.056835273
843,0.187927201
844,0.064928861
845,0.59514023
846,0.601666512
847,0.013865855
848,0.009669253
849,0.150735377
850,0.024354622
851,0.025598582
852,0.022387044
853,0.063997874
854,0.027876422
855,0.003890015
856,0.031723526
857,0.039050264
858,0.03698373
859,0.005979341
860,0.057136749
861,0.288663675
862,0.004489285
863,0.009492605
864,0.010914597
865,0.008140293
866,0.007670788
867,0.005553383
868,0.107199398
869,0.035467626
870,0.010736918
871,0.01156295
872,0.035200062
873,0.007772903
874,0.005818901
875,0.005948309
876,0.038237538
877,0.014120785
878,0.022188128
879,0.008682358
880,0.033914259
881,0.013079939
882,0.069667244
883,0.106082028
884,0.047409207
885,0.006749103
886,0.017033078
887,0.067016285
888,0.448217352
889,0.042904947
890,0.060366542
891,0.012380147
892,0.007566786
893,0.587493754
894,0.703547619
895,0.020928841
896,0.014796585
897,0.012284085
898,0.005268767
899,0.018699505
900,0.004576514
901,0.091586149
902,0.031996599
903,0.009463476
904,0.008603227
905,0.0059682
906,0.016150174
907,0.082164863
908,0.156074654
909,0.040283244
910,0.024173742
911,0.042026719
912,0.037670412
913,0.006435476
914,0.012023923
915,0.035885059
916,0.024831001
917,0.018939906
918,0.011161886
919,0.023202166
920,0.024649025
921,0.058830285
922,0.096096374
923,0.10719687
924,0.017020999
925,0.014821428
926,0.10544798
927,0.047513624
928,0.017981637
929,0.033135915
930,0.247882879
931,0.3074445
932,0.014266159
933,0.021711099
934,0.103066548
935,0.005290906
936,0.006510927
937,0.007981305
938,0.008877154
939,0.024285273
940,0.0093313
941,0.081181544
942,0.009290119
943,0.082455578
944,0.196486301
945,0.018968366
946,0.016493239
947,0.045264698
948,0.014867208
949,0.014702613
950,0.010901162
951,0.007166765
952,0.104707304
953,0.076285668
954,0.006285049
955,0.124574596
956,0.055004638
957,0.013259469
958,0.021165962
959,0.01071202
960,0.01448114
961,0.011533438
962,0.014358558
963,0.007326085
964,0.012492187
965,0.019643319
966,0.034049322
967,0.040780083
968,0.027737953
969,0.284014498
970,0.247714042
971,0.009947472
972,0.340119244
973,0.024021773
974,0.067217099
975,0.006407443
976,0.025535838
977,0.06912032
978,0.028068781
979,0.050683464
980,0.613436166
981,0.004826551
982,0.006123246
983,0.01423802
984,0.010864988
985,0.024783964
986,0.24421753
987,0.008537551
988,0.007554076
989,0.01562188
990,0.02933882
991,0.017668005
992,0.004779466
993,0.008879098
994,0.022725038
995,0.006642685
996,0.299408574
997,0.005986301
998,0.019424923
999,0.01419998
1000,0.012482337
1001,0.004995866
1002,0.059889628
1003,0.018349576
1004,0.017184032
1005,0.060387837
1006,0.016513784
1007,0.031656729
1008,0.009569333
1009,0.021851058
1010,0.010334088
1011,0.023301097
1012,0.010270672
1013,0.013465421
1014,0.095100751
1015,0.017025731
1016,0.151343715
1017,0.010498204
1018,0.371533425
1019,0.024580155
1020,0.005422324
1021,0.015313205
1022,0.052938877
1023,0.021906296
1024,0.269114215
1025,0.02321359
1026,0.007418662
1027,0.020432614
1028,0.013786667
1029,0.005203385
1030,0.014585044
1031,0.008287244
1032,0.095838368
1033,0.01760413
1034,0.026444574
1035,0.007962577
1036,0.017232572
1037,0.011645883
1038,0.008229206
1039,0.007756495
1040,0.005170267
1041,0.11292668
1042,0.292529726
1043,0.013056781
1044,0.043706598
1045,0.017314307
1046,0.013674961
1047,0.012420748
1048,0.019493531
1049,0.022542782
1050,0.014578892
1051,0.016718311
1052,0.038853178
1053,0.189953075
1054,0.007050782
1055,0.069219685
1056,0.005986698
1057,0.004731601
1058,0.022082832
1059,0.099285228
1060,0.052907188
1061,0.08600742
1062,0.043350538
1063,0.015653172
1064,0.013485836
1065,0.134883944
1066,0.029681752
1067,0.030336361
1068,0.007113517
1069,0.009601938
1070,0.009993035
1071,0.011900086
1072,0.051836186
1073,0.418501309
1074,0.0180646
1075,0.013886897
1076,0.067410633
1077,0.058019696
1078,0.012694058
1079,0.186486345
1080,0.033554788
1081,0.024107438
1082,0.165328583
1083,0.012508155
1084,0.028609061
1085,0.018318567
1086,0.009465893
1087,0.025723362
1088,0.081359249
1089,0.364413223
1090,0.00780834
1091,0.011546318
1092,0.013008853
1093,0.079378691
1094,0.013101633
1095,0.123251293
1096,0.067755246
1097,0.063057568
1098,0.168186071
1099,0.11750062
1100,0.042696586
1101,0.021099977
1102,0.016457308
1103,0.023806442
1104,0.006784311
1105,0.038476433
1106,0.050571997
1107,0.025481194
1108,0.134825303
1109,0.079495214
1110,0.013625938
1111,0.020391002
1112,0.0148415
1113,0.015743614
1114,0.024132286
1115,0.010202035
1116,0.01718046
1117,0.041231801
1118,0.274489453
1119,0.016887123
1120,0.029920888
1121,0.038777624
1122,0.008313973
1123,0.034595415
1124,0.120076148
1125,0.018228338
1126,0.089523489
1127,0.011204556
1128,0.313637213
1129,0.02064896
1130,0.01941001
1131,0.010265731
1132,0.434860452
1133,0.039744854
1134,0.090749938
1135,0.18995019
1136,0.032634443
1137,0.017830117
1138,0.011352731
1139,0.014644656
1140,0.012391581
1141,0.028742892
1142,0.011173243
1143,0.132841458
1144,0.223507773
1145,0.031570374
1146,0.026492559
1147,0.068446138
1148,0.018954441
1149,0.023126363
1150,0.018224508
1151,0.016033796
1152,0.084363492
1153,0.01234461
1154,0.012887412
1155,0.079625224
1156,0.016529256
1157,0.452025098
1158,0.544604999
1159,0.06591883
1160,0.008842128
1161,0.202730591
1162,0.039794395
1163,0.032410807
1164,0.040777252
1165,0.061094781
1166,0.034993246
1167,0.350337388
1168,0.011891102
1169,0.032185495
1170,0.02125001
1171,0.433709424
1172,0.016812215
1173,0.020941184
1174,0.013106301
1175,0.087847223
1176,0.452741778
1177,0.480971746
1178,0.263337066
1179,0.028304537
1180,0.142248653
1181,0.467013234
1182,0.034898597
1183,0.043648111
1184,0.251169599
1185,0.031558908
1186,0.096162247
1187,0.101618959
1188,0.674331909
1189,0.059922088
1190,0.006873989
1191,0.484816667
1192,0.012502441
1193,0.47505439
1194,0.034612616
1195,0.107906699
1196,0.005906404
1197,0.009298392
1198,0.010740962
1199,0.085916673
1200,0.060396697
1201,0.05402458
1202,0.010220198
1203,0.006700617
1204,0.005161515
1205,0.019579084
1206,0.007284099
1207,0.561255002
1208,0.031338361
1209,0.089732779
1210,0.021227406
1211,0.100329865
1212,0.10546265
1213,0.005366448
1214,0.007178761
1215,0.691858442
1216,0.021488049
1217,0.060061976
1218,0.004661047
1219,0.123358329
1220,0.014221838
1221,0.046491685
1222,0.080888941
1223,0.208685497
1224,0.009770029
1225,0.061350773
1226,0.019558488
1227,0.007626848
1228,0.043063895
1229,0.363830296
1230,0.527593673
1231,0.011210908
1232,0.088435131
1233,0.015843357
1234,0.689791667
1235,0.7918
1236,0.010373997
1237,0.060698584
1238,0.488221515
1239,0.05553116
1240,0.019354588
1241,0.005135434
1242,0.02725393
1243,0.010317879
1244,0.027786416
1245,0.039383114
1246,0.133070003
1247,0.019074299
1248,0.010070733
1249,0.092196007
1250,0.018655307
1251,0.286040775
1252,0.091410075
1253,0.006667717
1254,0.110682935
1255,0.042168314
1256,0.06302238
1257,0.026555504
1258,0.015037322
1259,0.009992751
1260,0.19640115
1261,0.025599965
1262,0.109439805
1263,0.082665113
1264,0.01462997
1265,0.009342464
1266,0.046621305
1267,0.06833769
1268,0.074860874
1269,0.020482346
1270,0.027403099
1271,0.007785979
1272,0.288541493
1273,0.229577681
1274,0.083209161
1275,0.126810375
1276,0.543756545
1277,0.01980817
1278,0.281873624
1279,0.039882808
1280,0.009436791
1281,0.229055583
1282,0.019290814
1283,0.080732997
1284,0.076515361
1285,0.008922769
1286,0.020058659
1287,0.018007804
1288,0.086379535
1289,0.017201421
1290,0.036002894
1291,0.023005945
1292,0.107500264
1293,0.032723901
1294,0.574302865
1295,0.030473571
1296,0.006660916
1297,0.042862866
1298,0.006586112
1299,0.004781993
1300,0.082186016
1301,0.022535552
1302,0.015490186
1303,0.138476461
1304,0.065147573
1305,0.007983241
1306,0.004776522
1307,0.119149993
1308,0.005486455
1309,0.027906264
1310,0.104195805
1311,0.00491874
1312,0.013763554
1313,0.082361833
1314,0.012115101
1315,0.052673586
1316,0.028305078
1317,0.41321353
1318,0.014813584
1319,0.008492965
1320,0.020836962
1321,0.012135404
1322,0.023637598
1323,0.045886833
1324,0.057810831
1325,0.048751841
1326,0.016246216
1327,0.035783323
1328,0.037443624
1329,0.150117201
1330,0.022266988
1331,0.032724245
1332,0.005257843
1333,0.039204364
1334,0.016667507
1335,0.06891016
1336,0.060598367
1337,0.010779738
1338,0.052441265
1339,0.162857977
1340,0.037824844
1341,0.017914494
1342,0.018865493
1343,0.010089432
1344,0.019646357
1345,0.018048878
1346,0.010251615
1347,0.068465275
1348,0.076843013
1349,0.303624941
1350,0.021712865
1351,0.031382651
1352,0.040949848
1353,0.006114
1354,0.018765177
1355,0.042818395
1356,0.02025235
1357,0.044272611
1358,0.014671822
1359,0.023071837
1360,0.005004582
1361,0.265778406
1362,0.010950358
1363,0.006159624
1364,0.027886227
1365,0.058518963
1366,0.008319648
1367,0.016706087
1368,0.144563954
1369,0.474145823
1370,0.011193248
1371,0.04728459
1372,0.013185529
1373,0.021361535
1374,0.089756849
1375,0.073554628
1376,0.022687606
1377,0.365788139
1378,0.009626828
1379,0.037363114
1380,0.004979876
1381,0.115414033
1382,0.054871204
1383,0.039613826
1384,0.006818203
1385,0.008523426
1386,0.004938748
1387,0.049635703
1388,0.109708762
1389,0.057604193
1390,0.03567499
1391,0.016214793
1392,0.020441415
1393,0.02518344
1394,0.087992824
1395,0.053664966
1396,0.046485666
1397,0.02921787
1398,0.023497423
1399,0.18770658
1400,0.062464816
1401,0.017474041
1402,0.014666009
1403,0.011354
1404,0.053930204
1405,0.011013187
1406,0.010805985
1407,0.05664499
1408,0.031677422
1409,0.016325118
1410,0.014441985
1411,0.01184076
1412,0.007168486
1413,0.016429647
1414,0.014406104
1415,0.013151972
1416,0.021896811
1417,0.029318909
1418,0.007448547
1419,0.572478503
1420,0.021413738
1421,0.037267228
1422,0.097132588
1423,0.005969408
1424,0.055929564
1425,0.008628277
1426,0.007104923
1427,0.015476848
1428,0.019283173
1429,0.032303825
1430,0.02369374
1431,0.102952758
1432,0.012706284
1433,0.014484821
1434,0.011897266
1435,0.017868975
1436,0.369296674
1437,0.032830827
1438,0.008585963
1439,0.018179252
1440,0.405877991
1441,0.012127182
1442,0.015469761
1443,0.008449803
1444,0.020689375
1445,0.010152562
1446,0.272234537
1447,0.085224022
1448,0.028731095
1449,0.00567673
1450,0.004624086
1451,0.095610785
1452,0.012190676
1453,0.010911911
1454,0.015196194
1455,0.033242218
1456,0.259851254
1457,0.021642535
1458,0.006103719
1459,0.009142952
1460,0.029708138
1461,0.027516804
1462,0.016002134
1463,0.130418163
1464,0.005508694
1465,0.013245628
1466,0.017838206
1467,0.0742978
1468,0.0090998
1469,0.14096487
1470,0.010977552
1471,0.185780081
1472,0.03856227
1473,0.018395099
1474,0.021201625
1475,0.334247974
1476,0.189071541
1477,0.02614397
1478,0.006329411
1479,0.078077134
1480,0.01535694
1481,0.011861288
1482,0.051482978
1483,0.005839319
1484,0.029115663
1485,0.386345145
1486,0.459589879
1487,0.042708011
1488,0.013480766
1489,0.078950935
1490,0.018092754
1491,0.053065218
1492,0.030787104
1493,0.01032175
1494,0.032915988
1495,0.220100751
1496,0.018460578
1497,0.00987707
1498,0.111020613
1499,0.038539796
1500,0.012109445
1501,0.116569322
1502,0.040940714
1503,0.102229518
1504,0.102806678
1505,0.005335787
1506,0.077019729
1507,0.030487274
1508,0.043739199
1509,0.052729708
1510,0.035707328
1511,0.008607201
1512,0.026300436
1513,0.015198781
1514,0.016446865
1515,0.014437988
1516,0.008706159
1517,0.187121333
1518,0.115956796
1519,0.016404428
1520,0.0429054
1521,0.040855893
1522,0.03226733
1523,0.031044307
1524,0.005178473
1525,0.032988061
1526,0.195259297
1527,0.088237899
1528,0.055607938
1529,0.068365303
1530,0.041091412
1531,0.019485986
1532,0.062903976
1533,0.213359728
1534,0.059073345
1535,0.008084574
1536,0.019046481
1537,0.334653975
1538,0.010207919
1539,0.005445555
1540,0.008694753
1541,0.180193176
1542,0.012138147
1543,0.03581129
1544,0.024905176
1545,0.010551873
1546,0.009732807
1547,0.080836016
1548,0.042461064
1549,0.066611598
1550,0.009683008
1551,0.010809777
1552,0.016793669
1553,0.089432125
1554,0.030766236
1555,0.509590242
1556,0.015320632
1557,0.004817833
1558,0.561243321
1559,0.084002191
1560,0.091067839
1561,0.016862947
1562,0.0146793
1563,0.081869478
1564,0.009245044
1565,0.033410158
1566,0.01366934
1567,0.009831841
1568,0.0082974
1569,0.033606752
1570,0.264056341
1571,0.014266773
1572,0.023945972
1573,0.069966706
1574,0.007548729
1575,0.026482045
1576,0.027941283
1577,0.004717258
1578,0.011369262
1579,0.01234921
1580,0.024810424
1581,0.005229621
1582,0.012243547
1583,0.004640816
1584,0.008637866
1585,0.010887153
1586,0.192530358
1587,0.108917601
1588,0.1531564
1589,0.009695381
1590,0.005703514
1591,0.018583429
1592,0.005210643
1593,0.006622385
1594,0.20746833
1595,0.12272422
1596,0.011318854
1597,0.013887703
1598,0.016237576
1599,0.025208142
1600,0.005415267
1601,0.005952539
1602,0.007193795
1603,0.051453195
1604,0.011165935
1605,0.017765504
1606,0.028179827
1607,0.024940541
1608,0.035227214
1609,0.026608981
1610,0.009471974
1611,0.023783436
1612,0.111206446
1613,0.02403065
1614,0.079508893
1615,0.016086322
1616,0.66637619
1617,0.556664741
1618,0.023699015
1619,0.090206378
1620,0.460753041
1621,0.473047634
1622,0.062111303
1623,0.6
1624,0.03543714
1625,0.011219408
1626,0.012123031
1627,0.021521386
1628,0.012005849
1629,0.020287712
1630,0.008638192
1631,0.006939845
1632,0.347623238
1633,0.185960834
1634,0.020812128
1635,0.008574269
1636,0.067610271
1637,0.019657694
1638,0.014867572
1639,0.007213079
1640,0.047194973
1641,0.008206113
1642,0.005442496
1643,0.015748817
1644,0.017825673
1645,0.008218265
1646,0.00784287
1647,0.34324583
1648,0.080491969
1649,0.033588597
1650,0.072112378
1651,0.392757156
1652,0.006342452
1653,0.013190059
1654,0.105791697
1655,0.02771661
1656,0.009867882
1657,0.006506516
1658,0.022264451
1659,0.019797084
1660,0.47624199
1661,0.047120866
1662,0.131529307
1663,0.00719988
1664,0.074939141
1665,0.031078586
1666,0.011050584
1667,0.008665158
1668,0.140149037
1669,0.010081522
1670,0.004178304
1671,0.008408366
1672,0.013842698
1673,0.017702452
1674,0.399319325
1675,0.006506298
1676,0.064104111
1677,0.009627009
1678,0.389357534
1679,0.01992045
1680,0.005157092
1681,0.381940476
1682,0.053217199
1683,0.031996998
1684,0.016275971
1685,0.00917505
1686,0.031781113
1687,0.010200144
1688,0.048428869
1689,0.100194609
1690,0.142425729
1691,0.051680422
1692,0.016184416
1693,0.202383096
1694,0.041042988
1695,0.185877695
1696,0.031109707
1697,0.019050875
1698,0.019473207
1699,0.323032677
1700,0.038779777
1701,0.016362023
1702,0.019659652
1703,0.008617926
1704,0.170928649
1705,0.007133988
1706,0.008775412
1707,0.053076926
1708,0.011332356
1709,0.01229291
1710,0.046703853
1711,0.041022331
1712,0.010396605
1713,0.125047099
1714,0.016647869
1715,0.007698193
1716,0.007043286
1717,0.060441995
1718,0.374555899
1719,0.005799415
1720,0.008983238
1721,0.101725177
1722,0.015798119
1723,0.047939912
1724,0.004574123
1725,0.033425951
1726,0.013842304
1727,0.044669563
1728,0.314730579
1729,0.004461702
1730,0.005163416
1731,0.028736337
1732,0.037477467
1733,0.024163863
1734,0.012999792
1735,0.194948229
1736,0.32200598
1737,0.02472017
1738,0.140662438
1739,0.023816992
1740,0.079184688
1741,0.009463782
1742,0.081166065
1743,0.016247155
1744,0.052589445
1745,0.012879483
1746,0.291358687
1747,0.006474156
1748,0.046651835
1749,0.008193542
1750,0.022662073
1751,0.00833321
1752,0.008024237
1753,0.023586361
1754,0.007895973
1755,0.069167641
1756,0.592889862
1757,0.013002323
1758,0.010939903
1759,0.020506357
1760,0.006701205
1761,0.016955791
1762,0.007835501
1763,0.005865492
1764,0.0162722
1765,0.007626909
1766,0.096499454
1767,0.41797552
1768,0.072987876
1769,0.008478491
1770,0.009306592
1771,0.227164401
1772,0.013704769
1773,0.274808775
1774,0.012424141
1775,0.012436302
1776,0.010712058
1777,0.033591001
1778,0.031447423
1779,0.088007227
1780,0.009325946
1781,0.029313249
1782,0.016885534
1783,0.02511806
1784,0.00895316
1785,0.112921399
1786,0.007045408
1787,0.00544203
1788,0.253315033
1789,0.005570506
1790,0.018140411
1791,0.010999965
1792,0.058141681
1793,0.014957412
1794,0.026961162
1795,0.04750157
1796,0.01534352
1797,0.004304129
1798,0.032009709
1799,0.138231532
1800,0.017977165
1801,0.056047635
1802,0.018335102
1803,0.010042873
1804,0.006671202
1805,0.028983886
1806,0.076779192
1807,0.039804586
1808,0.038812962
1809,0.009997422
1810,0.592030952
1811,0.039477364
1812,0.029039221
1813,0.020573285
1814,0.014032069
1815,0.035395036
1816,0.101789019
1817,0.026308459
1818,0.01750424
1819,0.020150534
1820,0.039226969
1821,0.008992171
1822,0.004384878
1823,0.029631194
1824,0.007177962
1825,0.053928424
1826,0.062158539
1827,0.022965558
1828,0.024816282
1829,0.038389402
1830,0.049520279
1831,0.604495157
1832,0.043055821
1833,0.01881287
1834,0.323232744
1835,0.34713506
1836,0.055562285
1837,0.052892201
1838,0.021985191
1839,0.067299457
1840,0.006780118
1841,0.032167347
1842,0.01007331
1843,0.065933669
1844,0.04280678
1845,0.020455559
1846,0.066673121
1847,0.355478565
1848,0.015374021
1849,0.062217167
1850,0.04486865
1851,0.019240018
1852,0.01323875
1853,0.012122024
1854,0.022829809
1855,0.061225902
1856,0.01322345
1857,0.007553798
1858,0.011386239
1859,0.099765231
1860,0.054480667
1861,0.082112321
1862,0.034491614
1863,0.413692138
1864,0.016598025
1865,0.012863772
1866,0.099791595
1867,0.056411368
1868,0.005578931
1869,0.007139853
1870,0.10409831
1871,0.006950657
1872,0.038138429
1873,0.006913214
1874,0.020439947
1875,0.155535007
1876,0.062441889
1877,0.005565577
1878,0.014007237
1879,0.00730387
1880,0.09998024
1881,0.054148556
1882,0.008997179
1883,0.019909368
1884,0.110866429
1885,0.078234966
1886,0.01190304
1887,0.371844684
1888,0.014653997
1889,0.116267138
1890,0.121374338
1891,0.010145266
1892,0.00488675
1893,0.011661212
1894,0.006040404
1895,0.098871486
1896,0.005455667
1897,0.064729943
1898,0.035866557
1899,0.009089964
1900,0.030469125
1901,0.010915627
1902,0.10545302
1903,0.058886842
1904,0.083439519
1905,0.012141378
1906,0.013734519
1907,0.017467141
1908,0.020631758
1909,0.036120498
1910,0.038945928
1911,0.084024098
1912,0.015784727
1913,0.018602144
1914,0.024124321
1915,0.019437274
1916,0.026875547
1917,0.074548565
1918,0.06518623
1919,0.03694481
1920,0.49103039
1921,0.090637935
1922,0.105494815
1923,0.42639901
1924,0.103724545
1925,0.509248335
1926,0.020830958
1927,0.015479199
1928,0.093926712
1929,0.043834911
1930,0.144557835
1931,0.017204968
1932,0.282378322
1933,0.012324089
1934,0.034535457
1935,0.075528407
1936,0.011714314
1937,0.144573998
1938,0.009861136
1939,0.017120546
1940,0.161906996
1941,0.01582309
1942,0.086870206
1943,0.031180756
1944,0.015447667
1945,0.016248921
1946,0.094483092
1947,0.003682044
1948,0.020442997
1949,0.006198702
1950,0.01664384
1951,0.019101825
1952,0.020588721
1953,0.027383934
1954,0.005866601
1955,0.015157794
1956,0.08247201
1957,0.012472586
1958,0.011962135
1959,0.034740144
1960,0.012750487
1961,0.039028899
1962,0.006620261
1963,0.025865845
1964,0.097484668
1965,0.030751574
1966,0.025195495
1967,0.277442342
1968,0.206147826
1969,0.007945193
1970,0.011394542
1971,0.005416164
1972,0.010967605
1973,0.043020353
1974,0.046207497
1975,0.00955356
1976,0.363399309
1977,0.007960427
1978,0.015315954
1979,0.259845203
1980,0.016834088
1981,0.009850831
1982,0.224623836
1983,0.01230673
1984,0.051499456
1985,0.021560372
1986,0.01583568
1987,0.028923718
1988,0.076233944
1989,0.060567375
1990,0.020869371
1991,0.411133607
1992,0.008165611
1993,0.303073208
1994,0.067116656
1995,0.049467268
1996,0.007791485
1997,0.042156537
1998,0.018717844
1999,0.017413529
2000,0.071944421
2001,0.014838077
2002,0.007767889
2003,0.006536833
2004,0.105493761
2005,0.198323549
2006,0.007233766
2007,0.051788282
2008,0.01843367
2009,0.497466667
2010,0.011242196
2011,0.014519907
2012,0.05157766
2013,0.036233327
2014,0.010063186
2015,0.033686896
2016,0.012159545
2017,0.004622854
2018,0.039451544
2019,0.023477453
2020,0.012670802
2021,0.081190069
2022,0.028002072
2023,0.007927787
2024,0.006190089
2025,0.011061565
2026,0.085756669
2027,0.009097159
2028,0.012959338
2029,0.011828084
2030,0.014608886
2031,0.029700841
2032,0.014388762
2033,0.049029894
2034,0.033514942
2035,0.240884994
2036,0.213462226
2037,0.086522609
2038,0.015910662
2039,0.028615753
2040,0.010414479
2041,0.060789556
2042,0.018097554
2043,0.013170257
2044,0.037437408
2045,0.028411849
2046,0.049836521
2047,0.009469465
2048,0.005870673
2049,0.010179286
2050,0.019420876
2051,0.01997942
2052,0.485454878
2053,0.038452208
2054,0.013867531
2055,0.012813961
2056,0.087317572
2057,0.07106736
2058,0.093182122
2059,0.009795921
2060,0.009260651
2061,0.013466698
2062,0.012647524
2063,0.008810795
2064,0.079387666
2065,0.060590515
2066,0.022634944
2067,0.02513106
2068,0.632314286
2069,0.012535605
2070,0.326776576
2071,0.008669031
2072,0.503139557
2073,0.0097279
2074,0.265543027
2075,0.040735888
2076,0.008209789
2077,0.181642403
2078,0.291915592
2079,0.013873173
2080,0.068328644
2081,0.007095345
2082,0.008379481
2083,0.146038399
2084,0.004898834
2085,0.069606845
2086,0.007154147
2087,0.018808439
2088,0.091044688
2089,0.015863082
2090,0.00879537
2091,0.02541629
2092,0.02803986
2093,0.026410526
2094,0.010756227
2095,0.008236973
2096,0.036452528
2097,0.250720731
2098,0.040588387
2099,0.084272629
2100,0.016041191
2101,0.032488617
2102,0.130237894
2103,0.048441982
2104,0.197980137
2105,0.087278755
2106,0.015859723
2107,0.009217691
2108,0.049159734
2109,0.011758382
2110,0.00816494
2111,0.049017684
2112,0.105922849
2113,0.260549133
2114,0.045251342
2115,0.051970143
2116,0.010759572
2117,0.019995838
2118,0.022831
2119,0.009206548
2120,0.105551989
2121,0.067353823
2122,0.029479391
2123,0.017552381
2124,0.022832713
2125,0.012265235
2126,0.097776622
2127,0.103058305
2128,0.027241488
2129,0.025607504
2130,0.021802611
2131,0.030087117
2132,0.132467312
2133,0.139405455
2134,0.061119356
2135,0.00772204
2136,0.034026275
2137,0.009109308
2138,0.01406795
2139,0.030465637
2140,0.007060803
2141,0.042875718
2142,0.03518394
2143,0.114024041
2144,0.010973298
2145,0.01838443
2146,0.010664651
2147,0.114553987
2148,0.047675502
2149,0.019658468
2150,0.016395832
2151,0.249850019
2152,0.035369223
2153,0.012509397
2154,0.020481102
2155,0.016820915
2156,0.006408819
2157,0.030724728
2158,0.024664447
2159,0.006323437
2160,0.024661815
2161,0.013124563
2162,0.014354349
2163,0.020888972
2164,0.009770035
2165,0.318882337
2166,0.015148899
2167,0.022438432
2168,0.017048557
2169,0.024851157
2170,0.039478693
2171,0.004516058
2172,0.01180916
2173,0.02219535
2174,0.023024823
2175,0.030182566
2176,0.031266109
2177,0.007640141
2178,0.038460842
2179,0.559698054
2180,0.012767415
2181,0.049507837
2182,0.010981911
2183,0.009094528
2184,0.041405173
2185,0.139480362
2186,0.008051534
2187,0.016298921
2188,0.030468479
2189,0.018781593
2190,0.025868415
2191,0.496098808
2192,0.022354899
2193,0.010377373
2194,0.056444057
2195,0.019398881
2196,0.015106271
2197,0.006570867
2198,0.005097876
2199,0.011083994
2200,0.00555108
2201,0.021796458
2202,0.135640071
2203,0.009290121
2204,0.019968781
2205,0.320936669
2206,0.022565799
2207,0.010053648
2208,0.037041098
2209,0.061640052
2210,0.009843795
2211,0.025879181
2212,0.024718828
2213,0.084057689
2214,0.019717879
2215,0.014113445
2216,0.010308099
2217,0.071886718
2218,0.007740058
2219,0.039860361
2220,0.08453809
2221,0.09720385
2222,0.011858407
2223,0.07081437
2224,0.030003115
2225,0.005502088
2226,0.004340189
2227,0.115825292
2228,0.013036265
2229,0.131723498
2230,0.008353394
2231,0.011788324
2232,0.025707635
2233,0.01015159
2234,0.026126389
2235,0.017728814
2236,0.133848746
2237,0.05631421
2238,0.021310488
2239,0.016418472
2240,0.015278657
2241,0.019358391
2242,0.511569151
2243,0.012252816
2244,0.014866905
2245,0.065115763
2246,0.036003725
2247,0.012581684
2248,0.014210262
2249,0.03114234
2250,0.086944614
2251,0.007481025
2252,0.054387376
2253,0.031038797
2254,0.011235624
2255,0.023240976
2256,0.065074584
2257,0.050036272
2258,0.014144329
2259,0.007284735
2260,0.030333034
2261,0.116036651
2262,0.029204418
2263,0.009795915
2264,0.005371633
2265,0.145494354
2266,0.350337388
2267,0.028666268
2268,0.110948827
2269,0.023356045
2270,0.027003968
2271,0.506120365
2272,0.021563755
2273,0.013712772
2274,0.060032617
2275,0.013590161
2276,0.088546162
2277,0.335287979
2278,0.170248276
2279,0.34551945
2280,0.036274389
2281,0.112531153
2282,0.007133525
2283,0.018479077
2284,0.020369117
2285,0.089521003
2286,0.240376137
2287,0.010922547
2288,0.010406484
2289,0.159802302
2290,0.053500051
2291,0.489193875
2292,0.055725314
2293,0.044111932
2294,0.008397968
2295,0.076261617
2296,0.008974734
2297,0.011266449
2298,0.020470806
2299,0.050690232
2300,0.007119332
2301,0.006501308
2302,0.118108402
2303,0.081310237
2304,0.144415588
2305,0.021589118
2306,0.01120577
2307,0.048434232
2308,0.015859723
2309,0.016643932
2310,0.004775325
2311,0.008474549
2312,0.046135605
2313,0.047566245
2314,0.006223841
2315,0.378240351
2316,0.052594625
2317,0.014226801
2318,0.012082753
2319,0.009121591
2320,0.152936095
2321,0.095588316
2322,0.524915953
2323,0.111244831
2324,0.10107025
2325,0.013468047
2326,0.014615311
2327,0.288286515
2328,0.016083602
2329,0.028440882
2330,0.016350385
2331,0.090476821
2332,0.027054418
2333,0.008701901
2334,0.090929202
2335,0.010780714
2336,0.024215893
2337,0.015368665
2338,0.006921802
2339,0.01201105
2340,0.025747088
2341,0.013304192
2342,0.050229169
2343,0.07228509
2344,0.145060531
2345,0.399479346
2346,0.273707965
2347,0.057424446
2348,0.185875635
2349,0.009169618
2350,0.006956424
2351,0.013715228
2352,0.076297194
2353,0.020558638
2354,0.007403663
2355,0.011999939
2356,0.009493078
2357,0.118699282
2358,0.528568664
2359,0.075824881
2360,0.016858741
2361,0.026490976
2362,0.077167922
2363,0.011650568
2364,0.085632536
2365,0.009155141
2366,0.050503152
2367,0.045367493
2368,0.508459729
2369,0.076682839
2370,0.005895309
2371,0.020193953
2372,0.009999711
2373,0.009001648
2374,0.088403198
2375,0.091498971
2376,0.012810335
2377,0.010724953
2378,0.009701918
2379,0.006257971
2380,0.020853305
2381,0.008302371
2382,0.207197044
2383,0.038501572
2384,0.007939473
2385,0.517683304
2386,0.01300337
2387,0.016641456
2388,0.017601571
2389,0.011409778
2390,0.025052703
2391,0.028048643
2392,0.022997676
2393,0.19325267
2394,0.007364224
2395,0.006598182
2396,0.018019414
2397,0.006956424
2398,0.021404988
2399,0.011394967
2400,0.013452792
2401,0.04604784
2402,0.328439276
2403,0.029811122
2404,0.22177271
2405,0.044083014
2406,0.056689317
2407,0.077235042
2408,0.00966733
2409,0.008561729
2410,0.071744002
2411,0.024242119
2412,0.019948883
2413,0.214878462
2414,0.031449887
2415,0.085118606
2416,0.046973621
2417,0.006840127
2418,0.032406617
2419,0.00463887
2420,0.043093669
2421,0.093243506
2422,0.07855942
2423,0.006230067
2424,0.039977535
2425,0.081664518
2426,0.0824542
2427,0.068759885
2428,0.005534403
2429,0.011333176
2430,0.037076559
2431,0.042774383
2432,0.191134947
2433,0.020348655
2434,0.380092643
2435,0.6406
2436,0.058863235
2437,0.02961271
2438,0.019701667
2439,0.051878097
2440,0.008070514
2441,0.006989361
2442,0.005056264
2443,0.008243933
2444,0.094280548
2445,0.019341488
2446,0.105133206
2447,0.019234917
2448,0.020121631
2449,0.010512182
2450,0.044254909
2451,0.014277317
2452,0.022561594
2453,0.020136204
2454,0.011351779
2455,0.006815819
2456,0.166536054
2457,0.048631473
2458,0.00936936
2459,0.024565957
2460,0.00453484
2461,0.081166065
2462,0.024679961
2463,0.099236029
2464,0.014328771
2465,0.086166467
2466,0.078797052
2467,0.010833732
2468,0.066322463
2469,0.063745531
2470,0.009680859
2471,0.096737644
2472,0.343797699
2473,0.008174974
2474,0.008606095
2475,0.028683608
2476,0.029052332
2477,0.013194417
2478,0.010328626
2479,0.049716179
2480,0.059965987
2481,0.01688214
2482,0.004794227
2483,0.394017748
2484,0.021934675
2485,0.014333814
2486,0.033942668
2487,0.029212725
2488,0.030145329
2489,0.118653244
2490,0.007001344
2491,0.120063325
2492,0.4181
2493,0.043968202
2494,0.016942972
2495,0.004716706
2496,0.051628561
2497,0.218125874
2498,0.017367134
2499,0.016123596
2500,0.041038709
2501,0.043410137
2502,0.059555734
2503,0.068635717
2504,0.025521839
2505,0.050777588
2506,0.085319324
2507,0.038800538
2508,0.008601007
2509,0.104848894
2510,0.11730453
2511,0.041151492
2512,0.004538783
2513,0.047252486
2514,0.007317967
2515,0.238037082
2516,0.00763586
2517,0.009391264
2518,0.020528917
2519,0.047049089
2520,0.149640289
2521,0.01693918
2522,0.007682967
2523,0.02394084
2524,0.005815368
2525,0.084094355
2526,0.106504747
2527,0.059895635
2528,0.029092616
2529,0.02347007
2530,0.017854772
2531,0.009670541
2532,0.006128116
2533,0.03673075
2534,0.049575787
2535,0.007809053
2536,0.021419557
2537,0.018394679
2538,0.015139423
2539,0.085188752
2540,0.010441655
2541,0.061082139
2542,0.008809326
2543,0.007515107
2544,0.015410407
2545,0.0188885
2546,0.036685095
2547,0.055318988
2548,0.056974638
2549,0.042998159
2550,0.040053168
2551,0.011934155
2552,0.012852065
2553,0.014294903
2554,0.121253236
2555,0.008791781
2556,0.017544902
2557,0.054446193
2558,0.005117924
2559,0.096933374
2560,0.257164846
2561,0.016004999
2562,0.122655881
2563,0.016845141
2564,0.007846149
2565,0.027794071
2566,0.023810971
2567,0.52087971
2568,0.019198464
2569,0.049063535
2570,0.055439615
2571,0.070860843
2572,0.120092389
2573,0.046648438
2574,0.096164043
2575,0.007268106
2576,0.054098065
2577,0.006329334
2578,0.010167934
2579,0.008908869
2580,0.0054362
2581,0.114849952
2582,0.024484483
2583,0.004521935
2584,0.006569562
2585,0.083578203
2586,0.005395406
2587,0.008457274
2588,0.010765776
2589,0.022492347
2590,0.008408616
2591,0.051647092
2592,0.017506037
2593,0.128811246
2594,0.016315854
2595,0.017342523
2596,0.013855879
2597,0.011283805
2598,0.016169833
2599,0.106407436
2600,0.012264269
2601,0.013193841
2602,0.005070822
2603,0.02167184
2604,0.009919597
2605,0.008338419
2606,0.012416856
2607,0.105840684
2608,0.008393186
2609,0.119857386
2610,0.005880055
2611,0.009911248
2612,0.09334877
2613,0.007362902
2614,0.004771002
2615,0.405637315
2616,0.032513373
2617,0.007900822
2618,0.049636975
2619,0.005647172
2620,0.008494274
2621,0.030297212
2622,0.041452229
2623,0.009845508
2624,0.006596665
2625,0.026893276
2626,0.013971924
2627,0.30455865
2628,0.04792087
2629,0.096025672
2630,0.00683891
2631,0.027108658
2632,0.085048184
2633,0.018070443
2634,0.120982464
2635,0.0072737
2636,0.069975325
2637,0.005739329
2638,0.120245665
2639,0.070430459
2640,0.110058758
2641,0.025881492
2642,0.00526146
2643,0.009459052
2644,0.007174162
2645,0.014441152
2646,0.008617492
2647,0.013559181
2648,0.00748765
2649,0.022409085
2650,0.016153745
2651,0.132819628
2652,0.012365853
2653,0.02678359
2654,0.139539212
2655,0.221984043
2656,0.178083726
2657,0.010277037
2658,0.142643283
2659,0.069222851
2660,0.011641215
2661,0.036140049
2662,0.009248579
2663,0.067966073
2664,0.024960695
2665,0.12084735
2666,0.008598986
2667,0.007361703
2668,0.587609802
2669,0.071476466
2670,0.07718834
2671,0.024487941
2672,0.022553642
2673,0.009253759
2674,0.011648432
2675,0.011939651
2676,0.007585908
2677,0.012233384
2678,0.005610095
2679,0.01549414
2680,0.038939606
2681,0.23741095
2682,0.041712721
2683,0.007343961
2684,0.145265433
2685,0.047585048
2686,0.050426033
2687,0.006334081
2688,0.016491851
2689,0.017859769
2690,0.006404769
2691,0.01407622
2692,0.020467621
2693,0.020501446
2694,0.041579764
2695,0.051019915
2696,0.437880882
2697,0.071075097
2698,0.384240418
2699,0.022499732
2700,0.036398104
2701,0.006023797
2702,0.008984952
2703,0.015838062
2704,0.007263705
2705,0.091152004
2706,0.013224124
2707,0.049170534
2708,0.043748997
2709,0.175233376
2710,0.150003007
2711,0.021572809
2712,0.396211342
2713,0.012703904
2714,0.048527575
2715,0.014613422
2716,0.016460558
2717,0.191026289
2718,0.01858209
2719,0.006032012
2720,0.009829158
2721,0.0201907
2722,0.064201348
2723,0.0756382
2724,0.017960776
2725,0.016809863
2726,0.020884886
2727,0.012872604
2728,0.089535392
2729,0.048518517
2730,0.00705972
2731,0.057718808
2732,0.005522704
2733,0.037736039
2734,0.025420952
2735,0.009284803
2736,0.023547813
2737,0.047409276
2738,0.016094682
2739,0.006561727
2740,0.012072523
2741,0.18753482
2742,0.09107949
2743,0.0047477
2744,0.020488142
2745,0.036011246
2746,0.004664727
2747,0.009813551
2748,0.01148847
2749,0.017328501
2750,0.04420152
2751,0.025015877
2752,0.032337282
2753,0.148061868
2754,0.008682615
2755,0.010293786
2756,0.077466492
2757,0.440913712
2758,0.075333463
2759,0.164903958
2760,0.075435308
2761,0.013345812
2762,0.108807907
2763,0.014939158
2764,0.293622394
2765,0.400303545
2766,0.00830897
2767,0.008585323
2768,0.013869145
2769,0.005743121
2770,0.005375229
2771,0.029997748
2772,0.007585896
2773,0.023346049
2774,0.044425383
2775,0.084743891
2776,0.164327005
2777,0.144081086
2778,0.075145753
2779,0.014021838
2780,0.011125072
2781,0.023825649
2782,0.018651462
2783,0.023437231
2784,0.042172098
2785,0.033518434
2786,0.006843001
2787,0.013639109
2788,0.032682758
2789,0.016855701
2790,0.111349894
2791,0.01664269
2792,0.023484108
2793,0.050358647
2794,0.070520556
2795,0.110852543
2796,0.350738286
2797,0.189691094
2798,0.02284636
2799,0.077177172
2800,0.079181129
2801,0.04859768
2802,0.056025901
2803,0.166558217
2804,0.023233481
2805,0.10959791
2806,0.008291856
2807,0.033730276
2808,0.016239145
2809,0.011800641
2810,0.065376091
2811,0.05482698
2812,0.010891436
2813,0.020266804
2814,0.041666234
2815,0.059867426
2816,0.014285956
2817,0.457905903
2818,0.021842708
2819,0.12681155
2820,0.064666395
2821,0.024292286
2822,0.264478454
2823,0.048466895
2824,0.069810922
2825,0.008458759
2826,0.013218084
2827,0.02704994
2828,0.030226775
2829,0.131416379
2830,0.018531825
2831,0.004196049
2832,0.009823889
2833,0.06931364
2834,0.019089128
2835,0.019278959
2836,0.009037415
2837,0.005282505
2838,0.017218768
2839,0.008232023
2840,0.05892396
2841,0.007120005
2842,0.038999823
2843,0.06675923
2844,0.019675801
2845,0.013300178
2846,0.011766231
2847,0.036393462
2848,0.032740472
2849,0.061140615
2850,0.016788644
2851,0.017831257
2852,0.361605968
2853,0.018635256
2854,0.009784847
2855,0.204422752
2856,0.038846185
2857,0.176414489
2858,0.010066373
2859,0.083520062
2860,0.011371641
2861,0.019373742
2862,0.047617233
2863,0.007430857
2864,0.011846921
2865,0.012217986
2866,0.095728846
2867,0.049759237
2868,0.086517139
2869,0.020208762
2870,0.208193729
2871,0.004569501
2872,0.020262725
2873,0.011064436
2874,0.020355651
2875,0.091112869
2876,0.017352817
2877,0.066567812
2878,0.009257304
2879,0.369649934
2880,0.009460885
2881,0.013134788
2882,0.077982731
2883,0.013461753
2884,0.048486565
2885,0.026542207
2886,0.067200254
2887,0.014677408
2888,0.024721076
2889,0.006072201
2890,0.077415096
2891,0.056482097
2892,0.155573502
2893,0.169640385
2894,0.12596031
2895,0.437746393
2896,0.008991119
2897,0.015382572
2898,0.044408912
2899,0.020772172
2900,0.021887516
2901,0.116817801
2902,0.009800752
2903,0.669557895
2904,0.053150361
2905,0.01169816
2906,0.020698919
2907,0.008099303
2908,0.015127783
2909,0.009179419
2910,0.0340042
2911,0.053900643
2912,0.201405644
2913,0.014936379
2914,0.022146303
2915,0.018268498
2916,0.061017947
2917,0.01934546
2918,0.029790704
2919,0.009482978
2920,0.018136147
2921,0.009315371
2922,0.261556114
2923,0.00628813
2924,0.008302398
2925,0.610802547
2926,0.035656172
2927,0.011734572
2928,0.019260831
2929,0.183001932
2930,0.035999016
2931,0.146889028
2932,0.008957978
2933,0.005705109
2934,0.336791394
2935,0.019818215
2936,0.00741023
2937,0.014694026
2938,0.107500645
2939,0.018341468
2940,0.441734615
2941,0.129412393
2942,0.010495865
2943,0.021583873
2944,0.011310786
2945,0.297499972
2946,0.013145852
2947,0.006092333
2948,0.007984291
2949,0.036148741
2950,0.011763914
2951,0.009699123
2952,0.010087546
2953,0.320171056
2954,0.041497536
2955,0.02169642
2956,0.452245087
2957,0.057449115
2958,0.008091819
2959,0.015065762
2960,0.009906111
2961,0.120583558
2962,0.015626604
2963,0.059320277
2964,0.042494113
2965,0.024648111
2966,0.12504433
2967,0.007428415
2968,0.028742892
2969,0.015447051
2970,0.054809787
2971,0.022301473
2972,0.009049526
2973,0.007933516
2974,0.555462858
2975,0.015747966
2976,0.011981911
2977,0.018668048
2978,0.018377275
2979,0.068603474
2980,0.004953789
2981,0.046113039
2982,0.016938916
2983,0.006264976
2984,0.005214122
2985,0.212407436
2986,0.09845085
2987,0.012764528
2988,0.229030432
2989,0.068188681
2990,0.347922155
2991,0.023248402
2992,0.071596886
2993,0.065666612
2994,0.066863902
2995,0.053830821
2996,0.074092101
2997,0.042701817
2998,0.277897836
2999,0.145911845
3000,0.015929766
3001,0.151256395
3002,0.145427671
3003,0.034869013
3004,0.014990581
3005,0.018878017
3006,0.048035988
3007,0.242708169
3008,0.12462556
3009,0.166178716
3010,0.073720025
3011,0.009395926
3012,0.051705087
3013,0.057506267
3014,0.099299636
3015,0.005831407
3016,0.014028194
3017,0.023252775
3018,0.143092064
3019,0.178166481
3020,0.012097884
3021,0.019528864
3022,0.028467004
3023,0.046385793
3024,0.285160129
3025,0.014497296
3026,0.101176484
3027,0.087466064
3028,0.030118476
3029,0.255616444
3030,0.040216683
3031,0.020286711
3032,0.376410389
3033,0.016406315
3034,0.178919644
3035,0.64308797
3036,0.032026661
3037,0.011515941
3038,0.009335761
3039,0.103695487
3040,0.015033713
3041,0.024369403
3042,0.019254963
3043,0.012526821
3044,0.004896504
3045,0.060090202
3046,0.012772003
3047,0.014448724
3048,0.011537475
3049,0.027725954
3050,0.100970018
3051,0.038681811
3052,0.01590125
3053,0.014910044
3054,0.009584389
3055,0.155661542
3056,0.018271551
3057,0.022146842
3058,0.047476183
3059,0.006845251
3060,0.016602109
3061,0.089357989
3062,0.049698534
3063,0.025604346
3064,0.006270959
3065,0.040758346
3066,0.007321851
3067,0.241199199
3068,0.033788308
3069,0.01498435
3070,0.011907672
3071,0.017224503
3072,0.007284696
3073,0.013485489
3074,0.007866365
3075,0.013124011
3076,0.024817208
3077,0.075193541
3078,0.029057193
3079,0.138062742
3080,0.008746334
3081,0.038113943
3082,0.016503632
3083,0.031253843
3084,0.015773942
3085,0.27410004
3086,0.009014568
3087,0.004458962
3088,0.027829861
3089,0.350337388
3090,0.017125023
3091,0.008884642
3092,0.024400135
3093,0.047718222
3094,0.014895262
3095,0.031380952
3096,0.007588862
3097,0.022218509
3098,0.008691312
3099,0.068678003
3100,0.020746325
3101,0.012082016
3102,0.047540294
3103,0.041783858
3104,0.109239005
3105,0.014984986
3106,0.016738394
3107,0.064043403
3108,0.028222377
3109,0.010450517
3110,0.010242898
3111,0.056995657
3112,0.013115353
3113,0.015535578
3114,0.103630747
3115,0.354514313
3116,0.019131529
3117,0.09454597
3118,0.07201272
3119,0.037911552
3120,0.021928254
3121,0.012031562
3122,0.004635504
3123,0.014197984
3124,0.008836931
3125,0.007812675
3126,0.006919644
3127,0.101492503
3128,0.112399806
3129,0.013163891
3130,0.01168191
3131,0.336322257
3132,0.146747744
3133,0.102105836
3134,0.062220626
3135,0.004969236
3136,0.011226981
3137,0.602256113
3138,0.028267758
3139,0.169708048
3140,0.007216891
3141,0.023617058
3142,0.101009553
3143,0.079811178
3144,0.013805411
3145,0.074217931
3146,0.005114019
3147,0.012146366
3148,0.021739205
3149,0.052368164
3150,0.737666667
3151,0.585899693
3152,0.021642972
3153,0.022364438
3154,0.017438231
3155,0.089296399
3156,0.016086604
3157,0.010372607
3158,0.036760421
3159,0.097190065
3160,0.007718875
3161,0.011505223
3162,0.041364878
3163,0.009990637
3164,0.006237915
3165,0.074035193
3166,0.005569379
3167,0.007999828
3168,0.028726195
3169,0.008527462
3170,0.005118371
3171,0.02371423
3172,0.300729366
3173,0.015309026
3174,0.037054804
3175,0.012970877
3176,0.010825451
3177,0.05770833
3178,0.099731061
3179,0.012361323
3180,0.013196494
3181,0.025608343
3182,0.026341687
3183,0.005660127
3184,0.024488592
3185,0.008975112
3186,0.011106735
3187,0.009923698
3188,0.005496459
3189,0.063954347
3190,0.016293496
3191,0.022533247
3192,0.074753641
3193,0.007116053
3194,0.01118962
3195,0.161000575
3196,0.02017564
3197,0.142701121
3198,0.010426233
3199,0.033691974
3200,0.01267193
3201,0.01384603
3202,0.004862796
3203,0.552730064
3204,0.076312615
3205,0.011521603
3206,0.092523808
3207,0.004844665
3208,0.019316018
3209,0.047703014
3210,0.485053023
3211,0.589466667
3212,0.032652393
3213,0.123852415
3214,0.37555062
3215,0.019075105
3216,0.024155574
3217,0.020077024
3218,0.018747859
3219,0.083660555
3220,0.074489428
3221,0.083672822
3222,0.327797504
3223,0.005192627
3224,0.014938191
3225,0.042871993
3226,0.158517916
3227,0.008268794
3228,0.008480968
3229,0.039963013
3230,0.05094311
3231,0.035681955
3232,0.047789602
3233,0.048066829
3234,0.008403612
3235,0.053902914
3236,0.034314982
3237,0.008798044
3238,0.051501889
3239,0.01219514
3240,0.02686989
3241,0.005283196
3242,0.056423809
3243,0.01028954
3244,0.010403153
3245,0.096821363
3246,0.011055116
3247,0.010804849
3248,0.113051466
3249,0.323584475
3250,0.030734388
3251,0.00570962
3252,0.487488563
3253,0.007805206
3254,0.062667642
3255,0.107049103
3256,0.006950102
3257,0.06631022
3258,0.024837741
3259,0.044157199
3260,0.091233658
3261,0.010555844
3262,0.043340221
3263,0.21476754
3264,0.014685447
3265,0.018739958
3266,0.018255089
3267,0.011343283
3268,0.421964237
3269,0.007239756
3270,0.375263099
3271,0.037306584
3272,0.145114504
3273,0.084462275
3274,0.070218142
3275,0.023839676
3276,0.006650539
3277,0.057458858
3278,0.062446833
3279,0.011620505
3280,0.013485542
3281,0.098931217
3282,0.023864912
3283,0.008311452
3284,0.039467459
3285,0.016873912
3286,0.030010019
3287,0.017169065
3288,0.006511156
3289,0.016336539
3290,0.355372062
3291,0.010339514
3292,0.065075778
3293,0.029938317
3294,0.491788714
3295,0.055146089
3296,0.093957819
3297,0.162389496
3298,0.009934912
3299,0.008162112
3300,0.05371655
3301,0.110457532
3302,0.019467241
3303,0.020197535
3304,0.202137224
3305,0.075428095
3306,0.433076457
3307,0.006211074
3308,0.087776892
3309,0.01625706
3310,0.040149522
3311,0.020303787
3312,0.575541614
3313,0.010727508
3314,0.019020346
3315,0.091013816
3316,0.463387758
3317,0.099027052
3318,0.020693071
3319,0.030404632
3320,0.079030195
3321,0.012673775
3322,0.073379409
3323,0.33977713
3324,0.02014018
3325,0.141769357
3326,0.044395622
3327,0.013937009
3328,0.054759302
3329,0.024737877
3330,0.254054127
3331,0.0746851
3332,0.00727684
3333,0.095218186
3334,0.016757391
3335,0.115563433
3336,0.354654414
3337,0.046986736
3338,0.050999132
3339,0.00621763
3340,0.372582685
3341,0.008071416
3342,0.072843599
3343,0.006191584
3344,0.026463703
3345,0.053319513
3346,0.017124781
3347,0.088780603
3348,0.061583874
3349,0.067549176
3350,0.120312583
3351,0.01745616
3352,0.070587297
3353,0.018523891
3354,0.04828716
3355,0.083768432
3356,0.352184545
3357,0.031537874
3358,0.005361525
3359,0.170853542
3360,0.031820622
3361,0.394571789
3362,0.017689303
3363,0.029572812
3364,0.045332284
3365,0.012997613
3366,0.057191463
3367,0.009764002
3368,0.010697833
3369,0.544155026
3370,0.088698309
3371,0.013666546
3372,0.052927408
3373,0.020822697
3374,0.013536098
3375,0.014037116
3376,0.037076931
3377,0.008149585
3378,0.067094036
3379,0.022729874
3380,0.019763076
3381,0.006110723
3382,0.057271918
3383,0.016304222
3384,0.008708686
3385,0.35203647
3386,0.010154558
3387,0.008701891
3388,0.046610182
3389,0.23921232
3390,0.007755978
3391,0.034440847
3392,0.016263106
3393,0.01542318
3394,0.082485364
3395,0.067829362
3396,0.049731067
3397,0.053488865
3398,0.056819505
3399,0.031967169
3400,0.035574378
3401,0.015828071
3402,0.109309905
3403,0.071445678
3404,0.022973723
3405,0.008846987
3406,0.01199458
3407,0.265717415
3408,0.04504643
3409,0.034625768
3410,0.017130575
3411,0.071928508
3412,0.007256339
3413,0.014831158
3414,0.136261467
3415,0.021783252
3416,0.010428383
3417,0.097939003
3418,0.015248351
3419,0.103286193
3420,0.014449641
3421,0.010275291
3422,0.016975537
3423,0.106931836
3424,0.024473851
3425,0.185100088
3426,0.008234357
3427,0.027592603
3428,0.012569393
3429,0.037300329
3430,0.007413207
3431,0.106799021
3432,0.017888335
3433,0.042939
3434,0.04032921
3435,0.009444299
3436,0.005694181
3437,0.006009084
3438,0.249569067
3439,0.013697786
3440,0.045952462
3441,0.00931815
3442,0.007948175
3443,0.14509129
3444,0.108238993
3445,0.006622239
3446,0.022317111
3447,0.009307091
3448,0.017283038
3449,0.007466054
3450,0.040673223
3451,0.114357593
3452,0.023309725
3453,0.017063089
3454,0.09000304
3455,0.01034433
3456,0.006923357
3457,0.121085122
3458,0.052457921
3459,0.022237387
3460,0.004532042
3461,0.042896462
3462,0.010441078
3463,0.007118339
3464,0.013414382
3465,0.005104618
3466,0.060110488
3467,0.046226651
3468,0.14273727
3469,0.488885822
3470,0.072522913
3471,0.006485017
3472,0.013521358
3473,0.005431935
3474,0.020275871
3475,0.117391133
3476,0.013165676
3477,0.024059717
3478,0.050717017
3479,0.04271398
3480,0.327927992
3481,0.008063939
3482,0.214167197
3483,0.003886066
3484,0.165337907
3485,0.009600901
3486,0.081445181
3487,0.029614322
3488,0.005524379
3489,0.010155606
3490,0.036106928
3491,0.017305409
3492,0.008313469
3493,0.054462125
3494,0.074033918
3495,0.087091717
3496,0.075200028
3497,0.063599729
3498,0.074334484
3499,0.006549397
3500,0.250032601
3501,0.032737097
3502,0.337740861
3503,0.006044408
3504,0.16819206
3505,0.020731846
3506,0.009702984
3507,0.014467888
3508,0.374161071
3509,0.011382676
3510,0.064594972
3511,0.007973487
3512,0.009496656
3513,0.009025882
3514,0.023000491
3515,0.028465144
3516,0.006703563
3517,0.009507814
3518,0.080050011
3519,0.019001664
3520,0.008008407
3521,0.133642988
3522,0.009623347
3523,0.031151324
3524,0.055384033
3525,0.019189943
3526,0.0056301
3527,0.004620766
3528,0.011439843
3529,0.584944914
3530,0.015219231
3531,0.013047697
3532,0.017569724
3533,0.007467147
3534,0.054416489
3535,0.13133579
3536,0.050573727
3537,0.090252472
3538,0.134864829
3539,0.088421099
3540,0.20153359
3541,0.023556911
3542,0.034098679
3543,0.020629479
3544,0.482516162
3545,0.042614819
3546,0.486470287
3547,0.044401865
3548,0.040559623
3549,0.016113749
3550,0.020913591
3551,0.062523909
3552,0.03288551
3553,0.029249819
3554,0.334346243
3555,0.026203075
3556,0.044752192
3557,0.01610859
3558,0.072704682
3559,0.016251482
3560,0.014032607
3561,0.308531587
3562,0.011196565
3563,0.016775495
3564,0.065405026
3565,0.013442582
3566,0.101464129
3567,0.015306613
3568,0.024368356
3569,0.023341709
3570,0.023461397
3571,0.009450728
3572,0.024751003
3573,0.03362841
3574,0.045885878
3575,0.02672586
3576,0.049723066
3577,0.129254722
3578,0.005484448
3579,0.019907832
3580,0.019030547
3581,0.029767968
3582,0.007718282
3583,0.012386241
3584,0.010097545
3585,0.019374816
3586,0.018071914
3587,0.010265669
3588,0.096833468
3589,0.044624069
3590,0.019566705
3591,0.023666206
3592,0.081984078
3593,0.247950122
3594,0.040208989
3595,0.05277546
3596,0.023607223
3597,0.04446349
3598,0.013311237
3599,0.012622381
3600,0.053265876
3601,0.059765731
3602,0.008515311
3603,0.019259343
3604,0.030034172
3605,0.332403164
3606,0.014698345
3607,0.049611917
3608,0.086428936
3609,0.009952493
3610,0.026499873
3611,0.06563732
3612,0.049948821
3613,0.019465091
3614,0.119961318
3615,0.050908988
3616,0.006533518
3617,0.006052469
3618,0.012347809
3619,0.00767136
3620,0.016870595
3621,0.017875702
3622,0.01255447
3623,0.018083458
3624,0.025900901
3625,0.012318633
3626,0.066756601
3627,0.00710396
3628,0.032999941
3629,0.020325681
3630,0.019464489
3631,0.449194276
3632,0.130809959
3633,0.069264234
3634,0.013352515
3635,0.007138077
3636,0.138893921
3637,0.062530641
3638,0.024451082
3639,0.055952078
3640,0.015838014
3641,0.033252336
3642,0.033051993
3643,0.035421028
3644,0.01085944
3645,0.005243893
3646,0.008686474
3647,0.150676113
3648,0.00476972
3649,0.287638466
3650,0.213459958
3651,0.020253858
3652,0.070290878
3653,0.02011443
3654,0.012479393
3655,0.103439562
3656,0.008459093
3657,0.078517653
3658,0.017942122
3659,0.156717444
3660,0.037729334
3661,0.013549944
3662,0.006742234
3663,0.065170273
3664,0.013974746
3665,0.328278447
3666,0.008972483
3667,0.025872254
3668,0.017183863
3669,0.073246175
3670,0.081660016
3671,0.021996536
3672,0.019035877
3673,0.449413094
3674,0.015812879
3675,0.028651366
3676,0.022369293
3677,0.158663697
3678,0.004694968
3679,0.010124475
3680,0.007706057
3681,0.033153762
3682,0.060198343
3683,0.017488467
3684,0.012948009
3685,0.013547672
3686,0.015256163
3687,0.31826886
3688,0.015739157
3689,0.155977558
3690,0.014375646
3691,0.009656261
3692,0.085082467
3693,0.298745728
3694,0.299406429
3695,0.007717121
3696,0.147031617
3697,0.122240028
3698,0.042432069
3699,0.310200169
3700,0.011463063
3701,0.062030533
3702,0.010498701
3703,0.008690792
3704,0.063926154
3705,0.081376985
3706,0.005800744
3707,0.052443657
3708,0.022897334
3709,0.005775827
3710,0.0195756
3711,0.010875937
3712,0.055913777
3713,0.068080123
3714,0.049293114
3715,0.01985872
3716,0.071569223
3717,0.04422254
3718,0.036388885
3719,0.03516614
3720,0.042832023
3721,0.005162033
3722,0.01841938
3723,0.011107633
3724,0.05589592
3725,0.041736135
3726,0.112059272
3727,0.082935363
3728,0.016521156
3729,0.103054218
3730,0.027181681
3731,0.087211429
3732,0.050565027
3733,0.031463849
3734,0.006473298
3735,0.031575962
3736,0.004578872
3737,0.018660397
3738,0.014867438
3739,0.004269584
3740,0.021737809
3741,0.295694009
3742,0.091137013
3743,0.017814299
3744,0.011567946
3745,0.032511853
3746,0.393729557
3747,0.132029508
3748,0.042239949
3749,0.047978237
3750,0.055162011
3751,0.011134448
3752,0.033629802
3753,0.016109584
3754,0.007607598
3755,0.412025741
3756,0.007950282
3757,0.0083953
3758,0.029185551
3759,0.028724998
3760,0.078184395
3761,0.006724534
3762,0.007936565
3763,0.072956005
3764,0.013265282
3765,0.010626164
3766,0.175739041
3767,0.056163127
3768,0.009035631
3769,0.090538024
3770,0.110536129
3771,0.023386302
3772,0.250636323
3773,0.00602373
3774,0.028288086
3775,0.022162821
3776,0.007493393
3777,0.009738757
3778,0.100735982
3779,0.035156571
3780,0.078254156
3781,0.05017686
3782,0.012438325
3783,0.232490902
3784,0.009928106
3785,0.400500889
3786,0.089088677
3787,0.009017154
3788,0.043658843
3789,0.048276701
3790,0.017094305
3791,0.072460392
3792,0.009113078
3793,0.020312124
3794,0.065338897
3795,0.010489447
3796,0.025013901
3797,0.062075462
3798,0.040956944
3799,0.017170256
3800,0.012852269
3801,0.017206475
3802,0.021194622
3803,0.068496633
3804,0.014037181
3805,0.008793356
3806,0.00711359
3807,0.062980828
3808,0.022640293
3809,0.361300229
3810,0.055563684
3811,0.33185006
3812,0.011071472
3813,0.101353377
3814,0.127865865
3815,0.027937149
3816,0.029863995
3817,0.0299818
3818,0.008386583
3819,0.019520331
3820,0.031279041
3821,0.081674961
3822,0.012712482
3823,0.012877186
3824,0.017556119
3825,0.042461547
3826,0.006924236
3827,0.141462908
3828,0.013675736
3829,0.007691873
3830,0.077154088
3831,0.049124619
3832,0.039176005
3833,0.006530064
3834,0.044718842
3835,0.011350744
3836,0.015488483
3837,0.012848051
3838,0.037346003
3839,0.012155175
3840,0.019717056
3841,0.013236375
3842,0.011622523
3843,0.03676031
3844,0.007076114
3845,0.007523834
3846,0.420810734
3847,0.006233339
3848,0.385893719
3849,0.018443777
3850,0.047563721
3851,0.037844679
3852,0.065673981
3853,0.066830699
3854,0.62695267
3855,0.263676979
3856,0.070696149
3857,0.013701653
3858,0.00757038
3859,0.604044423
3860,0.045037403
3861,0.008539353
3862,0.010029697
3863,0.02687665
3864,0.039079155
3865,0.013886071
3866,0.095403933
3867,0.073864964
3868,0.005559716
3869,0.01469854
3870,0.012071447
3871,0.118956423
3872,0.119693606
3873,0.011343913
3874,0.033266432
3875,0.018900061
3876,0.014600592
3877,0.022665334
3878,0.075059998
3879,0.18086272
3880,0.092714021
3881,0.004666259
3882,0.008861632
3883,0.004983879
3884,0.007249156
3885,0.007807092
3886,0.164834488
3887,0.005953411
3888,0.052975144
3889,0.016313696
3890,0.015513741
3891,0.005869874
3892,0.00742284
3893,0.030376019
3894,0.044876356
3895,0.144815562
3896,0.00880491
3897,0.016138248
3898,0.065289282
3899,0.004859962
3900,0.011064692
3901,0.010480767
3902,0.007992
3903,0.042681982
3904,0.216096393
3905,0.023306166
3906,0.090179155
3907,0.049506807
3908,0.013646704
3909,0.019848504
3910,0.011003624
3911,0.008674091
3912,0.362365206
3913,0.061874733
3914,0.028859259
3915,0.0087987
3916,0.024712306
3917,0.012268448
3918,0.043295017
3919,0.024625995
3920,0.008800324
3921,0.051650585
3922,0.023985304
3923,0.010816811
3924,0.010340647
3925,0.015850177
3926,0.006992337
3927,0.023735474
3928,0.012653605
3929,0.030788011
3930,0.066992361
3931,0.015698249
3932,0.009210231
3933,0.035951587
3934,0.052812189
3935,0.1099002
3936,0.036051902
3937,0.016067873
3938,0.559666667
3939,0.010161132
3940,0.0062149
3941,0.146068172
3942,0.015071575
3943,0.005648601
3944,0.077673484
3945,0.020296266
3946,0.012822771
3947,0.273120818
3948,0.046655929
3949,0.015282556
3950,0.084520788
3951,0.007737711
3952,0.027087318
3953,0.023927734
3954,0.071696118
3955,0.042063153
3956,0.009612021
3957,0.087571321
3958,0.011817439
3959,0.015848089
3960,0.010980358
3961,0.058821884
3962,0.011797902
3963,0.007308882
3964,0.051606054
3965,0.085241926
3966,0.011015497
3967,0.007527696
3968,0.048587208
3969,0.023306823
3970,0.012666929
3971,0.008365213
3972,0.015439263
3973,0.020533518
3974,0.00513876
3975,0.005644219
3976,0.050184252
3977,0.056707129
3978,0.015077853
3979,0.016890247
3980,0.012488035
3981,0.005361415
3982,0.028385665
3983,0.052699306
3984,0.032599798
3985,0.014646717
3986,0.015664144
3987,0.009278426
3988,0.058429095
3989,0.020566093
3990,0.186295246
3991,0.021023691
3992,0.432092841
3993,0.015822559
3994,0.009162467
3995,0.012048026
3996,0.00398817
3997,0.048184759
3998,0.018759576
3999,0.007842883
4000,0.017088188
4001,0.028764983
4002,0.011088811
4003,0.066562327
4004,0.020119766
4005,0.014715942
4006,0.019377554
4007,0.012091474
4008,0.021558374
4009,0.025162855
4010,0.015694659
4011,0.014560627
4012,0.037120593
4013,0.03403261
4014,0.013567295
4015,0.31392952
4016,0.040502884
4017,0.134232094
4018,0.006591694
4019,0.014740172
4020,0.007005967
4021,0.121690996
4022,0.062536851
4023,0.047059924
4024,0.022034587
4025,0.061147593
4026,0.005538074
4027,0.014563242
4028,0.012095748
4029,0.388158761
4030,0.021513643
4031,0.016916578
4032,0.034925996
4033,0.006677654
4034,0.009215686
4035,0.01218526
4036,0.072230577
4037,0.00867859
4038,0.131738404
4039,0.095364872
4040,0.008997151
4041,0.006882399
4042,0.025012734
4043,0.011667196
4044,0.06601097
4045,0.00747693
4046,0.005940628
4047,0.025101238
4048,0.006213045
4049,0.02583351
4050,0.016363455
4051,0.00551852
4052,0.499761616
4053,0.032312263
4054,0.020410232
4055,0.00938835
4056,0.010442877
4057,0.015391159
4058,0.021763887
4059,0.17402753
4060,0.025966905
4061,0.010636776
4062,0.018650146
4063,0.023257171
4064,0.006340745
4065,0.04727145
4066,0.00489776
4067,0.014199005
4068,0.149862364
4069,0.024658347
4070,0.019935498
4071,0.025959874
4072,0.019409991
4073,0.049549548
4074,0.37712881
4075,0.039073286
4076,0.027429882
4077,0.105380791
4078,0.013954633
4079,0.045423035
4080,0.026037329
4081,0.024751154
4082,0.293449824
4083,0.146163208
4084,0.544002851
4085,0.005989653
4086,0.077054134
4087,0.00782199
4088,0.071677397
4089,0.077577893
4090,0.036765983
4091,0.161788139
4092,0.230658038
4093,0.00537129
4094,0.007101096
4095,0.020900673
4096,0.013129298
4097,0.049590484
4098,0.012003911
4099,0.136088114
4100,0.010468357
4101,0.014810728
4102,0.015412086
4103,0.029232757
4104,0.026762126
4105,0.031969674
4106,0.053630311
4107,0.28835418
4108,0.158648372
4109,0.01421002
4110,0.005420398
4111,0.014988467
4112,0.053188376
4113,0.075517581
4114,0.006578998
4115,0.01041175
4116,0.093312413
4117,0.033482413
4118,0.200684076
4119,0.094998366
4120,0.01075544
4121,0.006791226
4122,0.006247891
4123,0.062693825
4124,0.087019146
4125,0.383116267
4126,0.007682788
4127,0.007388896
4128,0.068650086
4129,0.014581178
4130,0.01504065
4131,0.007740967
4132,0.025031528
4133,0.014955813
4134,0.012353334
4135,0.02793173
4136,0.143420925
4137,0.063242412
4138,0.006960517
4139,0.011385159
4140,0.059344773
4141,0.009336518
4142,0.034215151
4143,0.026824933
4144,0.01151771
4145,0.006813381
4146,0.012861929
4147,0.008272051
4148,0.020668384
4149,0.087194817
4150,0.094001673
4151,0.036893828
4152,0.013579793
4153,0.063812857
4154,0.139572649
4155,0.024481035
4156,0.025323446
4157,0.092966023
4158,0.042802627
4159,0.120186502
4160,0.087605869
4161,0.018653305
4162,0.018549135
4163,0.012591135
4164,0.037539704
4165,0.018524091
4166,0.017895854
4167,0.01816378
4168,0.020144656
4169,0.01668268
4170,0.026012886
4171,0.005250955
4172,0.012310826
4173,0.06372568
4174,0.020138756
4175,0.011000455
4176,0.015598726
4177,0.062426437
4178,0.018340441
4179,0.025030367
4180,0.178927163
4181,0.007445465
4182,0.494270391
4183,0.086385448
4184,0.015889728
4185,0.010149538
4186,0.004319424
4187,0.024511531
4188,0.05899963
4189,0.037175473
4190,0.053720882
4191,0.024086915
4192,0.004324329
4193,0.004810561
4194,0.010741033
4195,0.01503586
4196,0.139165797
4197,0.008299762
4198,0.147771
4199,0.014626126
4200,0.11427408
4201,0.009668282
4202,0.053227014
4203,0.011627812
4204,0.015796816
4205,0.064676139
4206,0.011063591
4207,0.016747396
4208,0.035296642
4209,0.02044148
4210,0.036620707
4211,0.099894124
4212,0.047893151
4213,0.060973112
4214,0.014970512
4215,0.111726536
4216,0.038986018
4217,0.011995506
4218,0.704733333
4219,0.062065061
4220,0.011590128
4221,0.11814616
4222,0.005113694
4223,0.065991201
4224,0.013938946
4225,0.011186104
4226,0.005907954
4227,0.017796935
4228,0.005743627
4229,0.020071463
4230,0.335673358
4231,0.007643655
4232,0.019119988
4233,0.129257638
4234,0.00674004
4235,0.023423786
4236,0.025454789
4237,0.117615458
4238,0.005536928
4239,0.018551929
4240,0.101644396
4241,0.116483004
4242,0.019700014
4243,0.005184615
4244,0.022759734
4245,0.015755479
4246,0.049018254
4247,0.111353798
4248,0.015027077
4249,0.049431239
4250,0.060977157
4251,0.025276671
4252,0.018567284
4253,0.032767462
4254,0.560673001
4255,0.032517413
4256,0.049818114
4257,0.016034047
4258,0.009711813
4259,0.004793194
4260,0.005070985
4261,0.040722329
4262,0.036553368
4263,0.005053226
4264,0.048741845
4265,0.075910898
4266,0.004724283
4267,0.127526805
4268,0.02021217
4269,0.043675078
4270,0.046914912
4271,0.007628542
4272,0.028304507
4273,0.020628676
4274,0.03306634
4275,0.010762136
4276,0.16742278
4277,0.058824361
4278,0.071034986
4279,0.519632524
4280,0.069389769
4281,0.142664622
4282,0.028471836
4283,0.01832728
4284,0.112213616
4285,0.047209138
4286,0.014510961
4287,0.045360195
4288,0.271739583
4289,0.006292109
4290,0.056834637
4291,0.042805892
4292,0.048045374
4293,0.0229944
4294,0.008539025
4295,0.005250153
4296,0.181113021
4297,0.024250698
4298,0.132678637
4299,0.129156267
4300,0.075295867
4301,0.057233734
4302,0.010291196
4303,0.05746209
4304,0.012756863
4305,0.022680345
4306,0.013092543
4307,0.129494937
4308,0.011419223
4309,0.081020237
4310,0.009626053
4311,0.010655101
4312,0.151192799
4313,0.011125031
4314,0.072419216
4315,0.009970551
4316,0.071837112
4317,0.025930418
4318,0.010162692
4319,0.021946432
4320,0.040714047
4321,0.011563518
4322,0.182731345
4323,0.007315494
4324,0.027548734
4325,0.061355025
4326,0.005062057
4327,0.006219855
4328,0.075065072
4329,0.047786785
4330,0.007352905
4331,0.045095088
4332,0.010621611
4333,0.029134998
4334,0.019216606
4335,0.004011149
4336,0.01194673
4337,0.008437794
4338,0.135487513
4339,0.012395369
4340,0.057243561
4341,0.038295119
4342,0.014990762
4343,0.056770627
4344,0.013543129
4345,0.133838865
4346,0.05505183
4347,0.012174716
4348,0.009580701
4349,0.178385611
4350,0.005852052
4351,0.040526339
4352,0.043611821
4353,0.00916069
4354,0.031803755
4355,0.154974662
4356,0.08543609
4357,0.011743683
4358,0.081110774
4359,0.012005137
4360,0.012286591
4361,0.00626722
4362,0.011425232
4363,0.011473114
4364,0.118540346
4365,0.023150636
4366,0.038073301
4367,0.085698095
4368,0.008077484
4369,0.023893094
4370,0.13972997
4371,0.014105538
4372,0.005063345
4373,0.025985858
4374,0.078786134
4375,0.392216112
4376,0.015905939
4377,0.25488033
4378,0.191286207
4379,0.016663865
4380,0.068600814
4381,0.022951778
4382,0.00759478
4383,0.016472259
4384,0.009291095
4385,0.020233741
4386,0.440248463
4387,0.051950965
4388,0.008819845
4389,0.033305735
4390,0.011856946
4391,0.017322078
4392,0.090013765
4393,0.008766294
4394,0.008134961
4395,0.040556843
4396,0.036449282
4397,0.061451567
4398,0.013093609
4399,0.020444277
4400,0.048942195
4401,0.015944443
4402,0.01206476
4403,0.29454755
4404,0.046754702
4405,0.01913567
4406,0.01374163
4407,0.457695306
4408,0.015129421
4409,0.061117294
4410,0.014341535
4411,0.015695123
4412,0.5989
4413,0.021356357
4414,0.009470971
4415,0.006002065
4416,0.030462159
4417,0.008061852
4418,0.014418597
4419,0.422030968
4420,0.011757392
4421,0.05315671
4422,0.027406189
4423,0.351535934
4424,0.005128546
4425,0.017247666
4426,0.026817086
4427,0.011599147
4428,0.016086008
4429,0.04533716
4430,0.014137468
4431,0.006022894
4432,0.005865039
4433,0.044466138
4434,0.008311082
4435,0.013494399
4436,0.255919617
4437,0.02650694
4438,0.009602922
4439,0.019639933
4440,0.025175382
4441,0.006446527
4442,0.00567129
4443,0.009536048
4444,0.480971746
4445,0.199015542
4446,0.033358897
4447,0.045080404
4448,0.009071342
4449,0.043967131
4450,0.534855183
4451,0.017207643
4452,0.008109644
4453,0.027947399
4454,0.060633912
4455,0.015259692
4456,0.004845257
4457,0.167804691
4458,0.338835485
4459,0.006629074
4460,0.083151193
4461,0.018323812
4462,0.042934623
4463,0.004991285
4464,0.006332059
4465,0.093895377
4466,0.01023222
4467,0.024526878
4468,0.023192751
4469,0.049732791
4470,0.034869959
4471,0.023949695
4472,0.020260333
4473,0.08741822
4474,0.010707668
4475,0.007491101
4476,0.010765466
4477,0.014105098
4478,0.01339218
4479,0.426959658
4480,0.004584169
4481,0.00378769
4482,0.065733389
4483,0.099336542
4484,0.104485492
4485,0.009956343
4486,0.59380888
4487,0.060127475
4488,0.034174807
4489,0.008303404
4490,0.111290572
4491,0.008540585
4492,0.013789856
4493,0.458120113
4494,0.007016292
4495,0.376367968
4496,0.046988937
4497,0.501247403
4498,0.017077853
4499,0.106023048
4500,0.15388903
4501,0.021953652
4502,0.072350171
4503,0.010495228
4504,0.019975782
4505,0.015742162
4506,0.006454089
4507,0.06091916
4508,0.287672413
4509,0.508565767
4510,0.106040238
4511,0.012035054
4512,0.00489511
4513,0.022285655
4514,0.023080318
4515,0.028950121
4516,0.005704571
4517,0.031440963
4518,0.005272799
4519,0.010096648
4520,0.10302042
4521,0.079582003
4522,0.026322567
4523,0.02977605
4524,0.005107124
4525,0.047886795
4526,0.131167108
4527,0.417179531
4528,0.18150881
4529,0.014568924
4530,0.278728717
4531,0.283295139
4532,0.01344489
4533,0.007997837
4534,0.536919886
4535,0.01111231
4536,0.016778367
4537,0.423657335
4538,0.15751712
4539,0.006260154
4540,0.396412121
4541,0.016023668
4542,0.005764893
4543,0.005644456
4544,0.007152588
4545,0.009050387
4546,0.006225413
4547,0.164554821
4548,0.01436554
4549,0.013548418
4550,0.015411459
4551,0.041692613
4552,0.006578874
4553,0.320388034
4554,0.009960998
4555,0.012841821
4556,0.115500197
4557,0.161210789
4558,0.064962866
4559,0.017853381
4560,0.016335601
4561,0.254579761
4562,0.011355178
4563,0.057020767
4564,0.020702867
4565,0.089084354
4566,0.007835399
4567,0.050427619
4568,0.011142571
4569,0.005364301
4570,0.008630441
4571,0.046223551
4572,0.010786575
4573,0.00868205
4574,0.009923327
4575,0.027669033
4576,0.077488479
4577,0.011776102
4578,0.386848727
4579,0.018606647
4580,0.007788464
4581,0.025520957
4582,0.027012328
4583,0.013204952
4584,0.192888618
4585,0.014273828
4586,0.02248162
4587,0.194821905
4588,0.013785113
4589,0.132193292
4590,0.106413734
4591,0.007192012
4592,0.009162621
4593,0.017366483
4594,0.01222433
4595,0.011141333
4596,0.005851285
4597,0.300523436
4598,0.058172188
4599,0.005197335
4600,0.151465972
4601,0.01498117
4602,0.005301908
4603,0.193716366
4604,0.02367321
4605,0.010570595
4606,0.023264384
4607,0.026393498
4608,0.009014879
4609,0.029340496
4610,0.015504475
4611,0.015066304
4612,0.02761344
4613,0.062322003
4614,0.009781899
4615,0.009360783
4616,0.422251197
4617,0.010978232
4618,0.011368875
4619,0.016264226
4620,0.136274003
4621,0.023416877
4622,0.012213275
4623,0.004302326
4624,0.020827709
4625,0.011309112
4626,0.013893375
4627,0.019244119
4628,0.021580281
4629,0.012645434
4630,0.008704307
4631,0.032375959
4632,0.011451773
4633,0.067645669
4634,0.009447462
4635,0.109257005
4636,0.007785674
4637,0.012858835
4638,0.075712392
4639,0.078863497
4640,0.012177118
4641,0.008444805
4642,0.076991527
4643,0.028920622
4644,0.01081218
4645,0.069406281
4646,0.01599253
4647,0.157489076
4648,0.033370692
4649,0.018247767
4650,0.017132853
4651,0.006682503
4652,0.029402314
4653,0.034426648
4654,0.018553821
4655,0.039551129
4656,0.183617362
4657,0.043229194
4658,0.066292607
4659,0.006616205
4660,0.014741878
4661,0.01708108
4662,0.084559995
4663,0.059987083
4664,0.012605452
4665,0.005097179
4666,0.063877143
4667,0.005119327
4668,0.04817491
4669,0.03166381
4670,0.013057353
4671,0.013400241
4672,0.008141873
4673,0.070038226
4674,0.01644036
4675,0.004757658
4676,0.021566379
4677,0.173853174
4678,0.019749774
4679,0.011411666
4680,0.015059549
4681,0.025250807
4682,0.117923758
4683,0.127235456
4684,0.014066774
4685,0.006451217
4686,0.041908573
4687,0.285589687
4688,0.016943218
4689,0.012393906
4690,0.098343698
4691,0.014495485
4692,0.013794039
4693,0.481609712
4694,0.024829396
4695,0.032118433
4696,0.00494875
4697,0.031332259
4698,0.056193167
4699,0.0452065
4700,0.008115116
4701,0.010710833
4702,0.005488606
4703,0.049954841
4704,0.073328432
4705,0.008132413
4706,0.00465529
4707,0.012414571
4708,0.011699558
4709,0.194615926
4710,0.006555853
4711,0.073239488
4712,0.018170041
4713,0.014298601
4714,0.355706863
4715,0.010489931
4716,0.120633033
4717,0.009813636
4718,0.014886418
4719,0.012062283
4720,0.033918272
4721,0.005405785
4722,0.011622234
4723,0.004995856
4724,0.696914286
4725,0.064805409
4726,0.31739157
4727,0.080055153
4728,0.084774766
4729,0.364683911
4730,0.01134434
4731,0.006478534
4732,0.082149984
4733,0.321880293
4734,0.097448031
4735,0.029223194
4736,0.043682757
4737,0.058723059
4738,0.022014586
4739,0.522458103
4740,0.194133021
4741,0.036302852
4742,0.023604838
4743,0.013541175
4744,0.004954945
4745,0.492569991
4746,0.044786772
4747,0.066060175
4748,0.010874658
4749,0.011644229
4750,0.317833755
4751,0.016708494
4752,0.012586605
4753,0.014612738
4754,0.061695002
4755,0.021216716
4756,0.026053821
4757,0.013602117
4758,0.018356685
4759,0.01591006
4760,0.00982818
4761,0.028617216
4762,0.02978895
4763,0.027018306
4764,0.010290236
4765,0.01973745
4766,0.01781883
4767,0.067932351
4768,0.087608801
4769,0.011236233
4770,0.019936647
4771,0.392387232
4772,0.034902859
4773,0.007989795
4774,0.101377616
4775,0.010594987
4776,0.016945389
4777,0.038230449
4778,0.05227749
4779,0.014730431
4780,0.034714014
4781,0.013347443
4782,0.030537979
4783,0.063747774
4784,0.005806939
4785,0.057485642
4786,0.004873514
4787,0.031914318
4788,0.005817701
4789,0.009197769
4790,0.137923547
4791,0.129945904
4792,0.095679214
4793,0.012007137
4794,0.010250748
4795,0.116708757
4796,0.055736186
4797,0.005873579
4798,0.305199771
4799,0.008834412
4800,0.028563241
4801,0.386894778
4802,0.096374116
4803,0.050921991
4804,0.014326696
4805,0.100908186
4806,0.013306485
4807,0.019901266
4808,0.30760243
4809,0.005083108
4810,0.009284106
4811,0.118630035
4812,0.023633207
4813,0.010896189
4814,0.171362019
4815,0.29498891
4816,0.015085959
4817,0.059128377
4818,0.008191952
4819,0.079220087
4820,0.093860406
4821,0.010533705
4822,0.103230266
4823,0.120988826
4824,0.01679591
4825,0.17038099
4826,0.067946432
4827,0.009987253
4828,0.028742892
4829,0.050786683
4830,0.005050163
4831,0.0210004
4832,0.011937857
4833,0.043398592
4834,0.011635279
4835,0.014878245
4836,0.079496621
4837,0.378846529
4838,0.015039409
4839,0.135497944
4840,0.019537268
4841,0.013875423
4842,0.009899499
4843,0.064888538
4844,0.261860597
4845,0.042268876
4846,0.028539231
4847,0.008087251
4848,0.029699278
4849,0.02295775
4850,0.025227675
4851,0.01116854
4852,0.095412535
4853,0.033475372
4854,0.016113988
4855,0.434660805
4856,0.012892824
4857,0.017634319
4858,0.056067563
4859,0.020350174
4860,0.007388613
4861,0.0683463
4862,0.018523503
4863,0.021167655
4864,0.024137302
4865,0.052289866
4866,0.494069545
4867,0.03454246
4868,0.231448378
4869,0.014003874
4870,0.013990577
4871,0.15014254
4872,0.016250613
4873,0.18964575
4874,0.428803527
4875,0.010176409
4876,0.14888684
4877,0.013051132
4878,0.079595817
4879,0.021052174
4880,0.026907522
4881,0.106911438
4882,0.014733625
4883,0.065358184
4884,0.007941291
4885,0.014436934
4886,0.019278753
4887,0.024598486
4888,0.00498086
4889,0.036701828
4890,0.006950008
4891,0.005097712
4892,0.008002043
4893,0.004934955
4894,0.013702395
4895,0.01238099
4896,0.032769051
4897,0.012023637
4898,0.009922887
4899,0.017538164
4900,0.005466331
4901,0.139826385
4902,0.008911105
4903,0.014630436
4904,0.009470417
4905,0.072823134
4906,0.036182433
4907,0.089861747
4908,0.01843222
4909,0.119541804
4910,0.597645995
4911,0.051381349
4912,0.023263163
4913,0.417206907
4914,0.092422629
4915,0.007355798
4916,0.004356995
4917,0.018774705
4918,0.018562366
4919,0.005975871
4920,0.011943239
4921,0.357325494
4922,0.004587756
4923,0.009659743
4924,0.025372584
4925,0.01417556
4926,0.098158345
4927,0.005396757
4928,0.014451075
4929,0.020045282
4930,0.009808249
4931,0.136864336
4932,0.034648807
4933,0.1331503
4934,0.018217644
4935,0.072346403
4936,0.009731936
4937,0.005124105
4938,0.04236923
4939,0.073630358
4940,0.022298292
4941,0.007308234
4942,0.004790592
4943,0.041404342
4944,0.029741136
4945,0.064451887
4946,0.0939662
4947,0.303182074
4948,0.0119633
4949,0.224452373
4950,0.067454116
4951,0.011048998
4952,0.01085237
4953,0.175306023
4954,0.023200192
4955,0.30450033
4956,0.367504477
4957,0.009433351
4958,0.03186368
4959,0.038026656
4960,0.058742635
4961,0.069659815
4962,0.033631102
4963,0.232745886
4964,0.033234914
4965,0.063305047
4966,0.014601727
4967,0.008549984
4968,0.006037869
4969,0.00883026
4970,0.210306076
4971,0.085728182
4972,0.006268631
4973,0.015365098
4974,0.031415537
4975,0.275862595
4976,0.426787563
4977,0.039195672
4978,0.009435049
4979,0.141059241
4980,0.017118198
4981,0.459055556
4982,0.005635881
4983,0.030441288
4984,0.106393657
4985,0.037423425
4986,0.012222446
4987,0.026882948
4988,0.019141621
4989,0.086491592
4990,0.050036998
4991,0.067328617
4992,0.108718483
4993,0.012591839
4994,0.012890818
4995,0.008304896
4996,0.006387447
4997,0.004906122
4998,0.014891958
4999,0.022184072
5000,0.009829907
